image_name,loss
558maize_train_farmyw.JPG,0.0013276825193315744
557maize_train_farmyw.JPG,0.0010126731358468533
559maize_train_farmyw.JPG,0.00013835879508405924
1137maize_train_farmyw.JPG,0.00013226443843450397
556maize_train_farmyw.JPG,6.945967470528558e-05
661maize_train_farmyw.JPG,8.570139016228495e-07
857maize_train_farmyw.JPG,5.190253205000772e-07
254maize_valid_farmyw.JPG,5.190253205000772e-07
258maize_valid_farmyw.JPG,2.847172595465963e-07
869maize_train_farmyw.JPG,2.847172595465963e-07
561maize_train_farmyw.JPG,2.4855813762769685e-07
252maize_valid_farmyw.JPG,2.3368497181763814e-07
849maize_train_farmyw.JPG,2.3368497181763814e-07
837maize_train_farmyw.JPG,3.40576882251753e-08
829maize_train_farmyw.JPG,2.7123190804445585e-08
562maize_train_farmyw.JPG,2.63457877736073e-08
851maize_train_farmyw.JPG,1.7450185296752352e-08
996maize_train_farmyw.JPG,1.7254956574674907e-08
1138maize_train_farmyw.JPG,1.5040171774671762e-08
51maize_valid_farmyw.JPG,1.500099777729247e-08
185maize_train_farmyw.JPG,1.500099777729247e-08
905maize_train_farmyw.JPG,1.2982635411162846e-08
563maize_train_farmyw.JPG,1.1244357445150399e-08
17maize_train_farmyw.JPG,1.1092938123624663e-08
5maize_valid_farmyw.JPG,1.1092938123624663e-08
861maize_train_farmyw.JPG,6.241616556934559e-09
246maize_valid_farmyw.JPG,5.3825432999587974e-09
825maize_train_farmyw.JPG,5.3825432999587974e-09
1009maize_train_farmyw.JPG,3.562597106210319e-09
907maize_train_farmyw.JPG,3.5567162548488795e-09
1052maize_train_farmyw.JPG,2.572640545039917e-09
187maize_train_farmyw.JPG,2.543931287846135e-09
1maize_train_farmyw.JPG,2.5059381236758327e-09
1maize_valid_farmyw.JPG,2.5059381236758327e-09
150maize_valid_farmyw.JPG,2.469083160150376e-09
5maize_train_farmyw.JPG,2.2857797876696395e-09
21maize_train_farmyw.JPG,1.9654755600839735e-09
833maize_train_farmyw.JPG,1.5305225975481562e-09
248maize_valid_farmyw.JPG,1.5305225975481562e-09
250maize_valid_farmyw.JPG,1.5230323668902201e-09
841maize_train_farmyw.JPG,1.5230323668902201e-09
998maize_train_farmyw.JPG,1.3544136923115957e-09
859maize_train_farmyw.JPG,1.3204191073867833e-09
23maize_train_farmyw.JPG,1.2484689948522032e-09
1015maize_train_farmyw.JPG,1.2406367044803801e-09
871maize_train_farmyw.JPG,1.1230555374552864e-09
1000maize_train_farmyw.JPG,1.0721454835049826e-09
9maize_train_farmyw.JPG,9.136721379476853e-10
3maize_valid_farmyw.JPG,9.136721379476853e-10
991maize_train_farmyw.JPG,8.040461629832407e-10
831maize_train_farmyw.JPG,7.892728692837636e-10
1010maize_train_farmyw.JPG,7.533081936017538e-10
3maize_train_farmyw.JPG,7.430487891646465e-10
870maize_train_farmyw.JPG,6.811407549101034e-10
186maize_train_farmyw.JPG,5.239970124470972e-10
149maize_valid_farmyw.JPG,3.7624037219075035e-10
275maize_valid_farmyw.JPG,3.507463486318585e-10
19maize_train_farmyw.JPG,3.487635735766048e-10
1014maize_train_farmyw.JPG,3.405899451358607e-10
160maize_valid_farmyw.JPG,3.39711703212231e-10
266maize_valid_farmyw.JPG,2.8829563736287867e-10
901maize_train_farmyw.JPG,2.8829563736287867e-10
843maize_train_farmyw.JPG,2.2546847722182406e-10
994maize_train_farmyw.JPG,2.1569382391284364e-10
893maize_train_farmyw.JPG,2.0606452655336227e-10
264maize_valid_farmyw.JPG,2.0606452655336227e-10
1012maize_train_farmyw.JPG,1.9098490844360327e-10
11maize_train_farmyw.JPG,1.904915947203989e-10
181maize_train_farmyw.JPG,1.7428972154398537e-10
617maize_train_farmyw.JPG,1.586137887699124e-10
838maize_train_farmyw.JPG,1.5478307524574575e-10
249maize_train_farmyw.JPG,1.4703749329214588e-10
1008maize_train_farmyw.JPG,1.3389939157448794e-10
69maize_valid_farmyw.JPG,1.327927767746928e-10
253maize_train_farmyw.JPG,1.327927767746928e-10
903maize_train_farmyw.JPG,1.3227230422074854e-10
881maize_train_farmyw.JPG,1.284577721971658e-10
835maize_train_farmyw.JPG,1.161252830006454e-10
992maize_train_farmyw.JPG,1.142213268412462e-10
810maize_train_farmyw.JPG,7.57236356951907e-11
277maize_train_farmyw.JPG,7.384930167386727e-11
240maize_valid_farmyw.JPG,6.770627114516259e-11
805maize_train_farmyw.JPG,6.770627114516259e-11
49maize_valid_farmyw.JPG,6.092169130278435e-11
177maize_train_farmyw.JPG,6.092169130278435e-11
2maize_train_farmyw.JPG,4.712336076906354e-11
827maize_train_farmyw.JPG,4.5089154632194095e-11
990maize_train_farmyw.JPG,4.4505499979807794e-11
7maize_train_farmyw.JPG,4.21335119571431e-11
18maize_train_farmyw.JPG,4.1228395697423537e-11
1011maize_train_farmyw.JPG,3.969106293633118e-11
853maize_train_farmyw.JPG,3.943071563705658e-11
809maize_train_farmyw.JPG,3.899828376896508e-11
813maize_train_farmyw.JPG,3.786637323144326e-11
242maize_valid_farmyw.JPG,3.786637323144326e-11
993maize_train_farmyw.JPG,3.6562843030996106e-11
839maize_train_farmyw.JPG,3.4702789253326927e-11
1051maize_train_farmyw.JPG,3.1821795198894165e-11
183maize_train_farmyw.JPG,3.153025410207455e-11
222maize_valid_farmyw.JPG,2.973828475139051e-11
737maize_train_farmyw.JPG,2.973828475139051e-11
862maize_train_farmyw.JPG,2.818066092979965e-11
419maize_train_farmyw.JPG,2.8061464610318332e-11
1105maize_train_farmyw.JPG,2.799793036301068e-11
902maize_train_farmyw.JPG,2.6961974319839044e-11
109maize_train_farmyw.JPG,2.596072662397475e-11
585maize_train_farmyw.JPG,2.5274313891765487e-11
148maize_valid_farmyw.JPG,2.5274313891765487e-11
987maize_train_farmyw.JPG,2.4482213131782338e-11
811maize_train_farmyw.JPG,2.3998846312989208e-11
889maize_train_farmyw.JPG,2.0647481988045335e-11
409maize_train_farmyw.JPG,1.9330547579299306e-11
145maize_train_farmyw.JPG,1.850054484608954e-11
425maize_train_farmyw.JPG,1.8278113397829365e-11
97maize_train_farmyw.JPG,1.58056640692239e-11
27maize_valid_farmyw.JPG,1.58056640692239e-11
621maize_train_farmyw.JPG,1.498050988812949e-11
166maize_valid_farmyw.JPG,1.498050988812949e-11
417maize_train_farmyw.JPG,1.3178338628683228e-11
405maize_train_farmyw.JPG,1.2933499757283862e-11
111maize_valid_farmyw.JPG,1.2933499757283862e-11
410maize_train_farmyw.JPG,1.2807488576627168e-11
411maize_train_farmyw.JPG,1.1647678481441215e-11
159maize_valid_farmyw.JPG,1.1433630084378699e-11
1103maize_train_farmyw.JPG,1.136609816682066e-11
944maize_train_farmyw.JPG,9.45905853644291e-12
115maize_valid_farmyw.JPG,9.350906333971398e-12
421maize_train_farmyw.JPG,9.350906333971398e-12
623maize_train_farmyw.JPG,9.331031607107132e-12
93maize_train_farmyw.JPG,8.909078336172271e-12
826maize_train_farmyw.JPG,8.855680078134753e-12
789maize_train_farmyw.JPG,8.635240092425e-12
236maize_valid_farmyw.JPG,8.635240092425e-12
186maize_valid_farmyw.JPG,8.264234782617841e-12
179maize_train_farmyw.JPG,8.121236322322645e-12
609maize_train_farmyw.JPG,7.849710464968851e-12
935maize_train_farmyw.JPG,7.73784508689701e-12
1050maize_train_farmyw.JPG,7.73582326668576e-12
583maize_train_farmyw.JPG,7.615441263708611e-12
845maize_train_farmyw.JPG,7.260758834448655e-12
863maize_train_farmyw.JPG,6.7997595401547706e-12
999maize_train_farmyw.JPG,6.770834760916333e-12
403maize_train_farmyw.JPG,5.643182535847169e-12
1101maize_train_farmyw.JPG,5.492480602276029e-12
855maize_train_farmyw.JPG,4.844121631597531e-12
178maize_train_farmyw.JPG,4.714681336309701e-12
997maize_train_farmyw.JPG,4.5851408607411326e-12
527maize_train_farmyw.JPG,4.503143517797792e-12
117maize_valid_farmyw.JPG,4.420960993123391e-12
429maize_train_farmyw.JPG,4.420960993123391e-12
931maize_train_farmyw.JPG,4.417795556460602e-12
605maize_train_farmyw.JPG,4.416808498802771e-12
158maize_valid_farmyw.JPG,4.416808498802771e-12
891maize_train_farmyw.JPG,4.229742424366467e-12
1005maize_train_farmyw.JPG,4.165872508066215e-12
402maize_train_farmyw.JPG,4.0978548679349025e-12
817maize_train_farmyw.JPG,3.669068521228169e-12
301maize_train_farmyw.JPG,3.654709347655771e-12
677maize_train_farmyw.JPG,3.540756229880593e-12
906maize_train_farmyw.JPG,3.2963414983711026e-12
1102maize_train_farmyw.JPG,3.189469304984427e-12
407maize_train_farmyw.JPG,3.1629260842380713e-12
842maize_train_farmyw.JPG,3.003334126533419e-12
55maize_valid_farmyw.JPG,2.9888691348289864e-12
201maize_train_farmyw.JPG,2.9888691348289864e-12
146maize_valid_farmyw.JPG,2.91117303874433e-12
953maize_train_farmyw.JPG,2.4804370796910336e-12
663maize_train_farmyw.JPG,2.4655880635771066e-12
1100maize_train_farmyw.JPG,2.4276188698157952e-12
627maize_train_farmyw.JPG,2.4234858911342805e-12
418maize_train_farmyw.JPG,2.416579089614679e-12
399maize_train_farmyw.JPG,2.365519021982343e-12
945maize_train_farmyw.JPG,2.345175052417825e-12
271maize_valid_farmyw.JPG,2.338513714270074e-12
483maize_train_farmyw.JPG,2.2103222030445124e-12
930maize_train_farmyw.JPG,2.1714240648618155e-12
401maize_train_farmyw.JPG,2.0993987798201275e-12
481maize_train_farmyw.JPG,2.048023426196033e-12
131maize_valid_farmyw.JPG,2.048023426196033e-12
745maize_train_farmyw.JPG,2.0374181942256486e-12
224maize_valid_farmyw.JPG,2.0374181942256486e-12
482maize_train_farmyw.JPG,1.982536964456605e-12
6maize_train_farmyw.JPG,1.8804456689697213e-12
10maize_train_farmyw.JPG,1.83887171982533e-12
619maize_train_farmyw.JPG,1.8185166913986528e-12
943maize_train_farmyw.JPG,1.809858036008749e-12
850maize_train_farmyw.JPG,1.7552387494845778e-12
883maize_train_farmyw.JPG,1.5868529363791128e-12
1003maize_train_farmyw.JPG,1.586311268973739e-12
895maize_train_farmyw.JPG,1.5856632413352445e-12
1006maize_train_farmyw.JPG,1.5758804851329078e-12
610maize_train_farmyw.JPG,1.4516315666873725e-12
830maize_train_farmyw.JPG,1.3743108213948307e-12
89maize_valid_farmyw.JPG,1.374115990264435e-12
325maize_train_farmyw.JPG,1.374115990264435e-12
611maize_train_farmyw.JPG,1.3221001984170533e-12
161maize_train_farmyw.JPG,1.2871084406618216e-12
597maize_train_farmyw.JPG,1.2805501017204568e-12
941maize_train_farmyw.JPG,1.2759446277321729e-12
738maize_train_farmyw.JPG,1.2631922417793984e-12
560maize_train_farmyw.JPG,1.2376861688312424e-12
569maize_train_farmyw.JPG,1.1510268649664313e-12
140maize_valid_farmyw.JPG,1.1510268649664313e-12
898maize_train_farmyw.JPG,1.1404361613051583e-12
625maize_train_farmyw.JPG,1.1002995389808312e-12
182maize_train_farmyw.JPG,1.0914665438815918e-12
255maize_train_farmyw.JPG,1.0060138486145398e-12
899maize_train_farmyw.JPG,9.763618949790165e-13
1007maize_train_farmyw.JPG,9.692428066740422e-13
1068maize_train_farmyw.JPG,9.65144088781178e-13
581maize_train_farmyw.JPG,9.354751131715466e-13
607maize_train_farmyw.JPG,8.689149660207063e-13
525maize_train_farmyw.JPG,8.599333268036191e-13
940maize_train_farmyw.JPG,8.157457999022344e-13
135maize_valid_farmyw.JPG,7.988029725528034e-13
493maize_train_farmyw.JPG,7.988029725528034e-13
377maize_train_farmyw.JPG,7.919411654233599e-13
103maize_valid_farmyw.JPG,7.919411654233599e-13
303maize_train_farmyw.JPG,7.267733507024254e-13
1079maize_train_farmyw.JPG,7.119353392405492e-13
1079maize_train_farmyw (1).JPG,7.119353392405492e-13
622maize_train_farmyw.JPG,6.974490429634272e-13
192maize_valid_farmyw.JPG,6.878277786746823e-13
673maize_train_farmyw.JPG,6.878277786746823e-13
988maize_train_farmyw.JPG,6.35533292658863e-13
815maize_train_farmyw.JPG,6.329316411257668e-13
897maize_train_farmyw.JPG,6.251816555766232e-13
662maize_train_farmyw.JPG,6.091606169142394e-13
85maize_train_farmyw.JPG,6.010361479347193e-13
22maize_train_farmyw.JPG,5.887858017979142e-13
909maize_train_farmyw.JPG,5.334455208290401e-13
41maize_valid_farmyw.JPG,4.903864857588869e-13
149maize_train_farmyw.JPG,4.903864857588869e-13
31maize_valid_farmyw.JPG,4.882364044306309e-13
113maize_train_farmyw.JPG,4.882364044306309e-13
99maize_train_farmyw.JPG,4.749766660712418e-13
606maize_train_farmyw.JPG,4.698612375911293e-13
1067maize_train_farmyw.JPG,4.580157867556389e-13
613maize_train_farmyw.JPG,4.508636844945124e-13
162maize_valid_farmyw.JPG,4.508636844945124e-13
1032maize_train_farmyw.JPG,4.490568073639567e-13
117maize_train_farmyw.JPG,4.480155124924473e-13
49maize_train_farmyw.JPG,4.445632501449276e-13
251maize_train_farmyw.JPG,4.241840440098038e-13
188maize_valid_farmyw.JPG,4.2261802239186574e-13
665maize_train_farmyw.JPG,4.2261802239186574e-13
978maize_train_farmyw.JPG,4.1699873805714494e-13
771maize_train_farmyw.JPG,4.163452894077879e-13
25maize_valid_farmyw.JPG,4.1172385054251415e-13
89maize_train_farmyw.JPG,4.1172385054251415e-13
94maize_train_farmyw.JPG,4.093753873217476e-13
797maize_train_farmyw.JPG,3.6217120340069353e-13
238maize_valid_farmyw.JPG,3.6217120340069353e-13
834maize_train_farmyw.JPG,3.596809265357659e-13
1107maize_train_farmyw.JPG,3.460337485300391e-13
427maize_train_farmyw.JPG,3.4407920306359085e-13
146maize_train_farmyw.JPG,3.355254171288208e-13
269maize_valid_farmyw.JPG,3.2272163999307046e-13
582maize_train_farmyw.JPG,3.1412952751150303e-13
770maize_train_farmyw.JPG,2.935802642656249e-13
573maize_train_farmyw.JPG,2.917263598658376e-13
232maize_valid_farmyw.JPG,2.8898525282830545e-13
777maize_train_farmyw.JPG,2.8898525282830545e-13
147maize_train_farmyw.JPG,2.7881863484680025e-13
457maize_train_farmyw.JPG,2.724648306452748e-13
125maize_valid_farmyw.JPG,2.724648306452748e-13
1043maize_train_farmyw.JPG,2.662899198022095e-13
254maize_train_farmyw.JPG,2.6203434496004097e-13
791maize_train_farmyw.JPG,2.6118706806729786e-13
1073maize_train_farmyw (1).JPG,2.5914372644292305e-13
1073maize_train_farmyw.JPG,2.5914372644292305e-13
587maize_train_farmyw.JPG,2.5502652290301797e-13
936maize_train_farmyw.JPG,2.5322170575659e-13
243maize_valid_farmyw.JPG,2.4886058383292997e-13
279maize_train_farmyw.JPG,2.4475405968442387e-13
858maize_train_farmyw.JPG,2.4458121075307537e-13
273maize_valid_farmyw.JPG,2.4148093464085307e-13
986maize_train_farmyw.JPG,2.399210929752982e-13
982maize_train_farmyw.JPG,2.387246216678518e-13
807maize_train_farmyw.JPG,2.380516031692814e-13
101maize_train_farmyw.JPG,2.2144487849332095e-13
785maize_train_farmyw.JPG,2.2093012640687915e-13
175maize_valid_farmyw.JPG,2.1979754171244648e-13
806maize_train_farmyw.JPG,2.0792924131617097e-13
244maize_valid_farmyw.JPG,2.013377528933824e-13
270maize_valid_farmyw.JPG,1.9890469479810768e-13
111maize_train_farmyw.JPG,1.9235193949793117e-13
1035maize_train_farmyw.JPG,1.816152751191874e-13
526maize_train_farmyw.JPG,1.7708249688656863e-13
98maize_train_farmyw.JPG,1.6161602763541116e-13
115maize_train_farmyw.JPG,1.5635688815733573e-13
317maize_train_farmyw.JPG,1.551806101153519e-13
87maize_valid_farmyw.JPG,1.551806101153519e-13
819maize_train_farmyw.JPG,1.5436661822930409e-13
1036maize_train_farmyw.JPG,1.5127345719383872e-13
137maize_train_farmyw.JPG,1.5081580190430544e-13
1031maize_train_farmyw.JPG,1.504035069231635e-13
95maize_train_farmyw.JPG,1.4840370956854115e-13
877maize_train_farmyw.JPG,1.4741230154949325e-13
260maize_valid_farmyw.JPG,1.4741230154949325e-13
641maize_train_farmyw.JPG,1.4399158948519286e-13
989maize_train_farmyw.JPG,1.4293941193437715e-13
894maize_train_farmyw.JPG,1.2919922293477826e-13
45maize_train_farmyw.JPG,1.2561516226066577e-13
13maize_valid_farmyw.JPG,1.2561516226066577e-13
91maize_train_farmyw.JPG,1.2411247160212802e-13
1030maize_train_farmyw.JPG,1.236570795846298e-13
81maize_train_farmyw.JPG,1.2265333876586987e-13
721maize_train_farmyw.JPG,1.2156497596754745e-13
241maize_train_farmyw.JPG,1.197470670798867e-13
430maize_train_farmyw.JPG,1.1600361513389168e-13
97maize_valid_farmyw.JPG,1.1125982405345292e-13
353maize_train_farmyw.JPG,1.1125982405345292e-13
586maize_train_farmyw.JPG,1.1025617132611951e-13
873maize_train_farmyw.JPG,1.1001757230927334e-13
119maize_train_farmyw.JPG,1.0960066946889835e-13
1108maize_train_farmyw.JPG,1.0788228356440818e-13
431maize_train_farmyw.JPG,1.0676061543059973e-13
1037maize_train_farmyw.JPG,1.0673735929399991e-13
103maize_train_farmyw.JPG,1.0264923947737176e-13
176maize_valid_farmyw.JPG,9.95898581158429e-14
278maize_valid_farmyw.JPG,9.8015515246231e-14
626maize_train_farmyw.JPG,9.688391988628073e-14
144maize_valid_farmyw.JPG,8.854464335133691e-14
577maize_train_farmyw.JPG,8.854464335133691e-14
1033maize_train_farmyw.JPG,8.834910071326557e-14
685maize_train_farmyw.JPG,8.62565430865235e-14
423maize_train_farmyw.JPG,8.623768474498583e-14
1106maize_train_farmyw.JPG,8.548053215783058e-14
995maize_train_farmyw.JPG,8.394157493662319e-14
847maize_train_farmyw.JPG,8.360620409961911e-14
413maize_train_farmyw.JPG,8.085454641969594e-14
113maize_valid_farmyw.JPG,8.085454641969594e-14
984maize_train_farmyw.JPG,7.855838240122467e-14
250maize_train_farmyw.JPG,7.705186993002891e-14
614maize_train_farmyw.JPG,7.579996201025063e-14
495maize_train_farmyw.JPG,7.110884960286751e-14
1122maize_train_farmyw.JPG,7.107518512541183e-14
799maize_train_farmyw.JPG,7.095851141912524e-14
230maize_valid_farmyw.JPG,7.074233505845878e-14
769maize_train_farmyw.JPG,7.074233505845878e-14
107maize_valid_farmyw.JPG,6.543130973016634e-14
393maize_train_farmyw.JPG,6.543130973016634e-14
90maize_train_farmyw.JPG,6.499606354428561e-14
579maize_train_farmyw.JPG,6.051914205234057e-14
553maize_train_farmyw.JPG,6.002626374472866e-14
934maize_train_farmyw.JPG,5.986514452563374e-14
329maize_train_farmyw.JPG,5.691570804065849e-14
365maize_train_farmyw.JPG,5.67359439323286e-14
1114maize_train_farmyw.JPG,5.377556378167482e-14
459maize_train_farmyw.JPG,5.3420043724921457e-14
818maize_train_farmyw.JPG,5.273116876957848e-14
932maize_train_farmyw.JPG,5.06445064921493e-14
571maize_train_farmyw.JPG,5.032809564063656e-14
942maize_train_farmyw.JPG,5.0131641595113977e-14
615maize_train_farmyw.JPG,4.997566556007478e-14
50maize_train_farmyw.JPG,4.8274233867056857e-14
261maize_train_farmyw.JPG,4.72597052366807e-14
363maize_train_farmyw.JPG,4.6913878624975716e-14
269maize_train_farmyw.JPG,4.6640392015098037e-14
1092maize_train_farmyw.JPG,4.5717722413785716e-14
398maize_train_farmyw.JPG,4.4533976929338887e-14
185maize_valid_farmyw.JPG,4.3761005154860713e-14
549maize_train_farmyw.JPG,4.191577437245332e-14
285maize_train_farmyw.JPG,4.012490616460071e-14
821maize_train_farmyw.JPG,3.904299098107279e-14
133maize_valid_farmyw.JPG,3.696037074486791e-14
485maize_train_farmyw.JPG,3.696037074486791e-14
890maize_train_farmyw.JPG,3.2586245171401657e-14
406maize_train_farmyw.JPG,3.226131994470312e-14
110maize_train_farmyw.JPG,3.0862258685064245e-14
395maize_train_farmyw.JPG,2.694094506673888e-14
333maize_train_farmyw.JPG,2.685907933238675e-14
91maize_valid_farmyw.JPG,2.685907933238675e-14
928maize_train_farmyw.JPG,2.6624027689523683e-14
106maize_train_farmyw.JPG,2.6495542955820572e-14
145maize_valid_farmyw.JPG,2.5141772547871387e-14
879maize_train_farmyw.JPG,2.487072878101359e-14
875maize_train_farmyw.JPG,2.484338994560801e-14
1002maize_train_farmyw.JPG,2.4791610821542354e-14
575maize_train_farmyw.JPG,2.367467082564547e-14
1001maize_train_farmyw.JPG,2.3510842795185227e-14
231maize_train_farmyw.JPG,2.3394831468663384e-14
933maize_train_farmyw.JPG,2.3293749944869845e-14
373maize_train_farmyw.JPG,2.3153272918699508e-14
77maize_valid_farmyw.JPG,2.2583670366725303e-14
281maize_train_farmyw.JPG,2.2583670366725303e-14
362maize_train_farmyw.JPG,2.1708854738801062e-14
977maize_train_farmyw.JPG,2.0962142679753666e-14
589maize_train_farmyw.JPG,2.0605967019499127e-14
767maize_train_farmyw.JPG,2.0601260904444182e-14
168maize_valid_farmyw.JPG,2.0428974402972658e-14
65maize_train_farmyw.JPG,2.0241065225821975e-14
278maize_train_farmyw.JPG,2.0141891220225652e-14
193maize_train_farmyw.JPG,2.0115147001949045e-14
53maize_valid_farmyw.JPG,2.0115147001949045e-14
681maize_train_farmyw.JPG,1.9091824475514496e-14
196maize_valid_farmyw.JPG,1.9091824475514496e-14
1062maize_train_farmyw.JPG,1.906511075042399e-14
79maize_train_farmyw.JPG,1.88495628882044e-14
178maize_valid_farmyw.JPG,1.879081607111463e-14
29maize_valid_farmyw.JPG,1.878423631918036e-14
105maize_train_farmyw.JPG,1.878423631918036e-14
1028maize_train_farmyw.JPG,1.8632380252396608e-14
268maize_valid_farmyw.JPG,1.792230914458154e-14
787maize_train_farmyw.JPG,1.790792313700537e-14
981maize_train_farmyw.JPG,1.737090933064383e-14
107maize_train_farmyw.JPG,1.7211641725571603e-14
25maize_train_farmyw.JPG,1.706371589166311e-14
7maize_valid_farmyw.JPG,1.706371589166311e-14
970maize_train_farmyw.JPG,1.6795690950229328e-14
1034maize_train_farmyw.JPG,1.676241949606118e-14
541maize_train_farmyw.JPG,1.6762007838048813e-14
1084maize_train_farmyw.JPG,1.6653364004102188e-14
327maize_train_farmyw.JPG,1.662900503060505e-14
739maize_train_farmyw.JPG,1.654179621242164e-14
645maize_train_farmyw.JPG,1.64568489722074e-14
441maize_train_farmyw.JPG,1.609188788622394e-14
121maize_valid_farmyw.JPG,1.609188788622394e-14
814maize_train_farmyw.JPG,1.590793265887104e-14
71maize_train_farmyw.JPG,1.5543672916167907e-14
1026maize_train_farmyw.JPG,1.5520474377808506e-14
794maize_train_farmyw.JPG,1.5355545204516832e-14
599maize_train_farmyw.JPG,1.5226919863344478e-14
878maize_train_farmyw.JPG,1.5179943416089754e-14
939maize_train_farmyw.JPG,1.5036567843173913e-14
151maize_train_farmyw.JPG,1.5007445156381416e-14
882maize_train_farmyw.JPG,1.4892401141485337e-14
1044maize_train_farmyw.JPG,1.470231508966021e-14
126maize_train_farmyw.JPG,1.3900911807274499e-14
37maize_valid_farmyw.JPG,1.365443707808476e-14
133maize_train_farmyw.JPG,1.365443707808476e-14
135maize_train_farmyw.JPG,1.3227919566725487e-14
1040maize_train_farmyw.JPG,1.3212634857192283e-14
319maize_train_farmyw.JPG,1.3041636692833532e-14
1082maize_train_farmyw.JPG,1.2913480607913957e-14
138maize_train_farmyw.JPG,1.2536890606597642e-14
15maize_valid_farmyw.JPG,1.2536266343315516e-14
53maize_train_farmyw.JPG,1.2536266343315516e-14
273maize_train_farmyw.JPG,1.2163194916862095e-14
75maize_valid_farmyw.JPG,1.2163194916862095e-14
169maize_train_farmyw.JPG,1.1947081236633739e-14
693maize_train_farmyw.JPG,1.1874375316573219e-14
202maize_valid_farmyw.JPG,1.1874375316573219e-14
139maize_train_farmyw.JPG,1.1825420200353709e-14
163maize_train_farmyw.JPG,1.1771840284242191e-14
1047maize_train_farmyw.JPG,1.1712492073759871e-14
1041maize_train_farmyw.JPG,1.1381795164558742e-14
394maize_train_farmyw.JPG,1.1340868226613308e-14
591maize_train_farmyw.JPG,1.1134436980005016e-14
937maize_train_farmyw.JPG,1.1028694233902736e-14
795maize_train_farmyw.JPG,1.0931494662106463e-14
1056maize_train_farmyw.JPG,1.0930097904776441e-14
690maize_train_farmyw.JPG,1.0866787274166866e-14
114maize_train_farmyw.JPG,1.0739068258248073e-14
75maize_train_farmyw.JPG,1.0624922098276084e-14
1027maize_train_farmyw.JPG,1.0424952866022394e-14
801maize_train_farmyw.JPG,1.0328985727164376e-14
954maize_train_farmyw.JPG,1.0317873501929347e-14
667maize_train_farmyw.JPG,1.0245193839890192e-14
234maize_valid_farmyw.JPG,9.87906384843952e-15
781maize_train_farmyw.JPG,9.87906384843952e-15
142maize_train_farmyw.JPG,9.747438316567991e-15
598maize_train_farmyw.JPG,9.7288950712867e-15
846maize_train_farmyw.JPG,9.707232203660671e-15
529maize_train_farmyw.JPG,9.338644122597068e-15
51maize_train_farmyw.JPG,9.305800420067283e-15
1113maize_train_farmyw.JPG,9.130526433390792e-15
203maize_train_farmyw.JPG,9.115770272416675e-15
455maize_train_farmyw.JPG,9.115319650888735e-15
1021maize_train_farmyw.JPG,9.102936876232825e-15
102maize_train_farmyw.JPG,9.068810765820896e-15
854maize_train_farmyw.JPG,8.856986460437435e-15
655maize_train_farmyw.JPG,8.840187255994541e-15
69maize_train_farmyw.JPG,8.709062320594839e-15
19maize_valid_farmyw.JPG,8.709062320594839e-15
951maize_train_farmyw.JPG,8.700791890897848e-15
983maize_train_farmyw.JPG,8.677078356506517e-15
237maize_train_farmyw.JPG,8.310807757586601e-15
65maize_valid_farmyw.JPG,8.310807757586601e-15
127maize_train_farmyw.JPG,8.199019737339767e-15
503maize_train_farmyw.JPG,8.148812706424216e-15
208maize_valid_farmyw.JPG,8.109095331527462e-15
1124maize_train_farmyw.JPG,8.087574765436572e-15
1039maize_train_farmyw.JPG,8.062550871075838e-15
282maize_valid_farmyw.JPG,7.728154121961102e-15
397maize_train_farmyw.JPG,7.631077369942181e-15
109maize_valid_farmyw.JPG,7.631077369942181e-15
200maize_valid_farmyw.JPG,7.547347316073146e-15
689maize_train_farmyw.JPG,7.547347316073146e-15
45maize_valid_farmyw.JPG,7.511485635152294e-15
165maize_train_farmyw.JPG,7.511485635152294e-15
1042maize_train_farmyw.JPG,7.412051590441164e-15
666maize_train_farmyw.JPG,7.309163345371131e-15
143maize_train_farmyw.JPG,7.274587460464211e-15
318maize_train_farmyw.JPG,6.998552551964717e-15
765maize_train_farmyw.JPG,6.525558342789601e-15
171maize_train_farmyw.JPG,6.28985829620541e-15
67maize_train_farmyw.JPG,5.9736630145777476e-15
33maize_valid_farmyw.JPG,5.9499719265595184e-15
121maize_train_farmyw.JPG,5.9499719265595184e-15
1025maize_train_farmyw.JPG,5.840596256146465e-15
790maize_train_farmyw.JPG,5.709480638109183e-15
233maize_train_farmyw.JPG,5.660228213325187e-15
83maize_train_farmyw.JPG,5.5868196794349196e-15
783maize_train_farmyw.JPG,5.574268768738979e-15
154maize_valid_farmyw.JPG,5.533403664198695e-15
1046maize_train_farmyw.JPG,5.510946703184616e-15
1029maize_train_farmyw.JPG,5.480520432686294e-15
159maize_train_farmyw.JPG,5.473991079212384e-15
980maize_train_farmyw.JPG,5.4226142957966746e-15
803maize_train_farmyw.JPG,5.405587663007442e-15
691maize_train_farmyw.JPG,5.372959530362733e-15
985maize_train_farmyw.JPG,5.298406231444251e-15
1093maize_train_farmyw.JPG,5.2789117681631935e-15
914maize_train_farmyw.JPG,5.18645854548686e-15
367maize_train_farmyw.JPG,4.9980059967005136e-15
170maize_valid_farmyw.JPG,4.908961658120405e-15
629maize_train_farmyw.JPG,4.908961658120405e-15
1049maize_train_farmyw.JPG,4.908633432853344e-15
214maize_train_farmyw.JPG,4.8880678964104834e-15
618maize_train_farmyw.JPG,4.836677560467618e-15
152maize_valid_farmyw.JPG,4.777699926899722e-15
593maize_train_farmyw.JPG,4.777699926899722e-15
294maize_train_farmyw.JPG,4.755631330491958e-15
99maize_valid_farmyw.JPG,4.684295486223622e-15
361maize_train_farmyw.JPG,4.684295486223622e-15
127maize_valid_farmyw.JPG,4.6698484922752526e-15
465maize_train_farmyw.JPG,4.6698484922752526e-15
43maize_valid_farmyw.JPG,4.656496711927683e-15
157maize_train_farmyw.JPG,4.656496711927683e-15
381maize_train_farmyw.JPG,4.6274299293097045e-15
349maize_train_farmyw.JPG,4.40310341762477e-15
458maize_train_farmyw.JPG,4.353053511320934e-15
595maize_train_farmyw.JPG,4.260995429514495e-15
494maize_train_farmyw.JPG,4.230910089777443e-15
679maize_train_farmyw.JPG,4.227715505016874e-15
957maize_train_farmyw.JPG,4.1971545562799386e-15
678maize_train_farmyw.JPG,4.1311753483700385e-15
61maize_train_farmyw.JPG,4.1265772300158685e-15
17maize_valid_farmyw.JPG,4.1265772300158685e-15
938maize_train_farmyw.JPG,4.030288218637894e-15
163maize_valid_farmyw.JPG,3.920537312629207e-15
358maize_train_farmyw.JPG,3.5152091774784486e-15
1136maize_train_farmyw.JPG,3.3740763360487003e-15
555maize_train_farmyw.JPG,3.2656237197899174e-15
453maize_train_farmyw.JPG,3.0720006701352937e-15
705maize_train_farmyw.JPG,3.0477708691626108e-15
1048maize_train_farmyw.JPG,2.9800889132704927e-15
793maize_train_farmyw.JPG,2.9714220721541867e-15
956maize_train_farmyw.JPG,2.9689813467166735e-15
675maize_train_farmyw.JPG,2.9630745624589956e-15
167maize_train_farmyw.JPG,2.9593054776019508e-15
798maize_train_farmyw.JPG,2.8091784168217827e-15
73maize_train_farmyw.JPG,2.776982270980173e-15
351maize_train_farmyw.JPG,2.7358439983144e-15
657maize_train_farmyw.JPG,2.7132301244468414e-15
184maize_valid_farmyw.JPG,2.7132301244468414e-15
927maize_train_farmyw.JPG,2.7105835700031453e-15
142maize_valid_farmyw.JPG,2.6754844304930584e-15
302maize_train_farmyw.JPG,2.675195380499808e-15
164maize_valid_farmyw.JPG,2.599775355118048e-15
153maize_train_farmyw.JPG,2.5215010404622783e-15
215maize_train_farmyw.JPG,2.4898719831788554e-15
63maize_train_farmyw.JPG,2.4094190997827475e-15
1024maize_train_farmyw.JPG,2.3936822864139467e-15
379maize_train_farmyw.JPG,2.32988927054091e-15
1074maize_train_farmyw.JPG,2.3188907594790496e-15
1074maize_train_farmyw (1).JPG,2.3188907594790496e-15
283maize_train_farmyw.JPG,2.294758367295301e-15
1096maize_train_farmyw.JPG,2.2841713024875695e-15
295maize_train_farmyw.JPG,2.261342917526119e-15
1077maize_train_farmyw.JPG,2.2520628245560007e-15
1077maize_train_farmyw (1).JPG,2.2520628245560007e-15
118maize_train_farmyw.JPG,2.2302961953939333e-15
274maize_valid_farmyw.JPG,2.2256843127543705e-15
366maize_train_farmyw.JPG,2.1422892604159747e-15
378maize_train_farmyw.JPG,2.1248388993948784e-15
194maize_train_farmyw.JPG,2.1062723607075378e-15
71maize_valid_farmyw.JPG,2.1030220835306862e-15
321maize_train_farmyw.JPG,2.101045955664742e-15
422maize_train_farmyw.JPG,2.0770700528179985e-15
426maize_train_farmyw.JPG,2.077023889522373e-15
272maize_valid_farmyw.JPG,2.072787030720207e-15
313maize_train_farmyw.JPG,2.0658284433002763e-15
181maize_valid_farmyw.JPG,2.062294833602568e-15
177maize_valid_farmyw.JPG,2.023228403525779e-15
574maize_train_farmyw.JPG,2.0222712562953816e-15
125maize_train_farmyw.JPG,2.0168510924659013e-15
590maize_train_farmyw.JPG,2.0158820867742424e-15
275maize_train_farmyw.JPG,2.013576674850053e-15
326maize_train_farmyw.JPG,2.0110700926008907e-15
280maize_valid_farmyw.JPG,1.9677723094360926e-15
155maize_train_farmyw.JPG,1.9642520405073038e-15
182maize_valid_farmyw.JPG,1.9611946750841894e-15
1045maize_train_farmyw.JPG,1.9517106589320198e-15
674maize_train_farmyw.JPG,1.9342704623062906e-15
47maize_valid_farmyw.JPG,1.844366385284719e-15
647maize_train_farmyw.JPG,1.826732006355832e-15
359maize_train_farmyw.JPG,1.8182345718289767e-15
1091maize_train_farmyw.JPG,1.8016373847440023e-15
911maize_train_farmyw.JPG,1.8004998194958398e-15
131maize_train_farmyw.JPG,1.7852964251255724e-15
919maize_train_farmyw.JPG,1.7839581130689106e-15
922maize_train_farmyw.JPG,1.766287205844173e-15
913maize_train_farmyw.JPG,1.7595339180348328e-15
729maize_train_farmyw.JPG,1.681297084586979e-15
1059maize_train_farmyw.JPG,1.5778576328265206e-15
195maize_train_farmyw.JPG,1.5724998317977819e-15
1054maize_train_farmyw.JPG,1.5630621906994745e-15
1072maize_train_farmyw.JPG,1.5529029834092248e-15
1072maize_train_farmyw (1).JPG,1.5529029834092248e-15
916maize_train_farmyw.JPG,1.5302264291035695e-15
13maize_train_farmyw.JPG,1.5049395310127132e-15
219maize_train_farmyw.JPG,1.4719838083756534e-15
166maize_train_farmyw.JPG,1.465080807492886e-15
924maize_train_farmyw.JPG,1.4456973055279186e-15
733maize_train_farmyw.JPG,1.4190589663697181e-15
477maize_train_farmyw.JPG,1.4168646216407375e-15
802maize_train_farmyw.JPG,1.401260368928182e-15
475maize_train_farmyw.JPG,1.3711144663354014e-15
578maize_train_farmyw.JPG,1.3695307264822727e-15
154maize_train_farmyw.JPG,1.3597379668208289e-15
1118maize_train_farmyw.JPG,1.3507963693922573e-15
773maize_train_farmyw.JPG,1.3213042703556386e-15
570maize_train_farmyw.JPG,1.3153466641211255e-15
46maize_train_farmyw.JPG,1.3033693006095945e-15
279maize_valid_farmyw.JPG,1.2856344423973392e-15
167maize_valid_farmyw.JPG,1.2775759826953986e-15
257maize_train_farmyw.JPG,1.2672690740349714e-15
207maize_valid_farmyw.JPG,1.2041155680371117e-15
47maize_train_farmyw.JPG,1.1960251328414122e-15
259maize_train_farmyw.JPG,1.1664278958402156e-15
1069maize_train_farmyw.JPG,1.1574788868733555e-15
489maize_train_farmyw.JPG,1.151986831122477e-15
702maize_train_farmyw.JPG,1.1080607612690531e-15
293maize_train_farmyw.JPG,1.1069007496477884e-15
1097maize_train_farmyw.JPG,1.1066948147624872e-15
1064maize_train_farmyw.JPG,1.105551637921049e-15
153maize_valid_farmyw.JPG,1.0923914987777958e-15
383maize_train_farmyw.JPG,1.0847994365924371e-15
1123maize_train_farmyw.JPG,1.0757700653747063e-15
134maize_train_farmyw.JPG,1.0687959137243696e-15
449maize_train_farmyw.JPG,1.0663580470230533e-15
123maize_valid_farmyw.JPG,1.0663580470230533e-15
271maize_train_farmyw.JPG,1.0628192492485432e-15
235maize_train_farmyw.JPG,1.0550884854180717e-15
779maize_train_farmyw.JPG,1.0466454727580776e-15
537maize_train_farmyw.JPG,1.033375642848155e-15
683maize_train_farmyw.JPG,1.011558403467489e-15
1104maize_train_farmyw.JPG,1.0114669239091856e-15
958maize_train_farmyw.JPG,1.0092933314874127e-15
757maize_train_farmyw.JPG,1.0063130460624984e-15
523maize_train_farmyw.JPG,9.990396800235442e-16
631maize_train_farmyw.JPG,9.795787804230214e-16
371maize_train_farmyw.JPG,9.622243458832017e-16
778maize_train_farmyw.JPG,9.608564935525044e-16
946maize_train_farmyw.JPG,9.571315602878352e-16
129maize_train_farmyw.JPG,9.53362898947264e-16
35maize_valid_farmyw.JPG,9.53362898947264e-16
21maize_valid_farmyw.JPG,9.523835171020012e-16
77maize_train_farmyw.JPG,9.523835171020012e-16
687maize_train_farmyw.JPG,9.47425092107893e-16
175maize_train_farmyw.JPG,9.327149885502827e-16
213maize_train_farmyw.JPG,8.879201275907719e-16
62maize_train_farmyw.JPG,8.817178876531799e-16
594maize_train_farmyw.JPG,8.529818184615449e-16
1065maize_train_farmyw.JPG,8.204641177373339e-16
243maize_train_farmyw.JPG,8.162177827540705e-16
173maize_train_farmyw.JPG,7.947010283114431e-16
382maize_train_farmyw.JPG,7.822045394823636e-16
46maize_valid_farmyw.JPG,7.814773087575866e-16
545maize_train_farmyw.JPG,7.747110507562416e-16
701maize_train_farmyw.JPG,7.558375685046397e-16
206maize_valid_farmyw.JPG,7.558375685046397e-16
230maize_train_farmyw.JPG,7.453612532547617e-16
63maize_valid_farmyw.JPG,7.421425280551954e-16
229maize_train_farmyw.JPG,7.421425280551954e-16
1020maize_train_farmyw.JPG,7.348914495706657e-16
925maize_train_farmyw.JPG,7.317016293704244e-16
263maize_train_farmyw.JPG,7.307312472502262e-16
82maize_train_farmyw.JPG,7.306516261531843e-16
867maize_train_farmyw.JPG,7.184583751192219e-16
918maize_train_farmyw.JPG,7.166404835957365e-16
31maize_train_farmyw.JPG,6.861116162316786e-16
78maize_train_farmyw.JPG,6.819044035826665e-16
711maize_train_farmyw.JPG,6.8190218012118e-16
1017maize_train_farmyw.JPG,6.812549410703593e-16
565maize_train_farmyw.JPG,6.778049758761925e-16
964maize_train_farmyw.JPG,6.752914585447746e-16
554maize_train_farmyw.JPG,6.717118973096779e-16
542maize_train_farmyw.JPG,6.657632378606702e-16
239maize_train_farmyw.JPG,6.63953975485335e-16
95maize_valid_farmyw.JPG,6.587571636561338e-16
912maize_train_farmyw.JPG,6.524175985019682e-16
59maize_train_farmyw.JPG,6.478761784157051e-16
473maize_train_farmyw.JPG,6.438161377412784e-16
129maize_valid_farmyw.JPG,6.438161377412784e-16
150maize_train_farmyw.JPG,6.423330359901953e-16
265maize_train_farmyw.JPG,6.402652168077108e-16
73maize_valid_farmyw.JPG,6.402652168077108e-16
1023maize_train_farmyw.JPG,6.338831411875048e-16
786maize_train_farmyw.JPG,6.330657543934044e-16
603maize_train_farmyw.JPG,6.319609057928296e-16
499maize_train_farmyw.JPG,6.271948631568665e-16
531maize_train_farmyw.JPG,6.208468806127875e-16
1071maize_train_farmyw.JPG,6.193030571872982e-16
519maize_train_farmyw.JPG,6.17855319061763e-16
1130maize_train_farmyw.JPG,6.175257173661626e-16
1128maize_train_farmyw.JPG,6.164716378028639e-16
1063maize_train_farmyw.JPG,5.944435930974501e-16
766maize_train_farmyw.JPG,5.942683102169277e-16
921maize_train_farmyw.JPG,5.934503940272352e-16
513maize_train_farmyw.JPG,5.924297193257938e-16
87maize_train_farmyw.JPG,5.888627047662283e-16
917maize_train_farmyw.JPG,5.868995470922889e-16
59maize_valid_farmyw.JPG,5.841391725963055e-16
217maize_train_farmyw.JPG,5.841391725963055e-16
823maize_train_farmyw.JPG,5.823564858796905e-16
57maize_train_farmyw.JPG,5.801991988421522e-16
517maize_train_farmyw.JPG,5.797542947866068e-16
162maize_train_farmyw.JPG,5.760475197907444e-16
522maize_train_farmyw.JPG,5.758990243271789e-16
782maize_train_farmyw.JPG,5.751203363508562e-16
70maize_train_farmyw.JPG,5.706817778281252e-16
357maize_train_farmyw.JPG,5.699315713346539e-16
415maize_train_farmyw.JPG,5.673080455992113e-16
141maize_valid_farmyw.JPG,5.664006615544652e-16
735maize_train_farmyw.JPG,5.604699486160274e-16
39maize_valid_farmyw.JPG,5.573535555844012e-16
141maize_train_farmyw.JPG,5.573535555844012e-16
214maize_valid_farmyw.JPG,5.55709305815103e-16
717maize_train_farmyw.JPG,5.55709305815103e-16
282maize_train_farmyw.JPG,5.441831461666625e-16
1129maize_train_farmyw.JPG,5.437696352697248e-16
137maize_valid_farmyw.JPG,5.421592138787575e-16
55maize_train_farmyw.JPG,5.412794113443563e-16
1022maize_train_farmyw.JPG,5.393922219378738e-16
218maize_train_farmyw.JPG,5.338812138248005e-16
204maize_valid_farmyw.JPG,5.332762205422241e-16
454maize_train_farmyw.JPG,5.324725450939574e-16
370maize_train_farmyw.JPG,5.324080117712884e-16
354maize_train_farmyw.JPG,5.313603378946533e-16
29maize_train_farmyw.JPG,5.311846314976572e-16
391maize_train_farmyw.JPG,5.184159274551538e-16
74maize_train_farmyw.JPG,5.183817814394677e-16
866maize_train_farmyw.JPG,5.148820530596497e-16
130maize_train_farmyw.JPG,5.134759254276484e-16
1099maize_train_farmyw.JPG,5.125023139943387e-16
474maize_train_farmyw.JPG,5.124656268798108e-16
659maize_train_farmyw.JPG,5.116511517614666e-16
654maize_train_farmyw.JPG,5.100781586388561e-16
1094maize_train_farmyw.JPG,5.098121373538591e-16
550maize_train_farmyw.JPG,5.093538395898353e-16
83maize_valid_farmyw.JPG,5.077063605074257e-16
305maize_train_farmyw.JPG,5.077063605074257e-16
387maize_train_farmyw.JPG,5.060983743361818e-16
952maize_train_farmyw.JPG,5.052824169101799e-16
30maize_train_farmyw.JPG,5.029684287773996e-16
1098maize_train_farmyw.JPG,5.024530621685545e-16
959maize_train_farmyw.JPG,5.02236115854939e-16
209maize_train_farmyw.JPG,4.993368279556059e-16
57maize_valid_farmyw.JPG,4.993368279556059e-16
566maize_train_farmyw.JPG,4.927265298956742e-16
923maize_train_farmyw.JPG,4.909371198550403e-16
515maize_train_farmyw.JPG,4.904888276677059e-16
1127maize_train_farmyw.JPG,4.889356868797968e-16
197maize_valid_farmyw.JPG,4.88580991833134e-16
643maize_train_farmyw.JPG,4.87073167307903e-16
949maize_train_farmyw.JPG,4.867023786352424e-16
533maize_train_farmyw.JPG,4.835337871982417e-16
389maize_train_farmyw.JPG,4.821094483578744e-16
307maize_train_farmyw.JPG,4.820454973703567e-16
158maize_train_farmyw.JPG,4.812529921690819e-16
910maize_train_farmyw.JPG,4.792453123258524e-16
501maize_train_farmyw.JPG,4.759789944625622e-16
86maize_train_farmyw.JPG,4.742556000522549e-16
274maize_train_farmyw.JPG,4.707740828808029e-16
601maize_train_farmyw.JPG,4.699988889153876e-16
156maize_valid_farmyw.JPG,4.699988889153876e-16
530maize_train_farmyw.JPG,4.63035166358214e-16
1131maize_train_farmyw.JPG,4.587169394535523e-16
535maize_train_farmyw.JPG,4.584105252848831e-16
509maize_train_farmyw.JPG,4.567862337294046e-16
267maize_valid_farmyw.JPG,1.9611009720643994e-16
101maize_valid_farmyw.JPG,1.2206777091338934e-16
369maize_train_farmyw.JPG,1.2206777091338934e-16
602maize_train_farmyw.JPG,9.984372410746993e-17
915maize_train_farmyw.JPG,9.63599570047518e-17
874maize_train_farmyw.JPG,9.075613922695006e-17
703maize_train_farmyw.JPG,8.328867029417655e-17
962maize_train_farmyw.JPG,8.327838016735639e-17
355maize_train_farmyw.JPG,6.874629911245739e-17
138maize_valid_farmyw.JPG,6.328320791790807e-17
1090maize_train_farmyw.JPG,6.133884378748582e-17
1121maize_train_farmyw.JPG,5.72079435130654e-17
61maize_valid_farmyw.JPG,5.400918976220854e-17
221maize_train_farmyw.JPG,5.400918976220854e-17
491maize_train_farmyw.JPG,5.0938582831848396e-17
695maize_train_farmyw.JPG,4.752151957372654e-17
202maize_train_farmyw.JPG,4.701472255602755e-17
1126maize_train_farmyw.JPG,4.520632044852942e-17
511maize_train_farmyw.JPG,4.479714066927904e-17
960maize_train_farmyw.JPG,4.4563084951873485e-17
697maize_train_farmyw.JPG,4.371799753341991e-17
66maize_train_farmyw.JPG,4.339679006667577e-17
686maize_train_farmyw.JPG,4.177979093547751e-17
478maize_train_farmyw.JPG,3.841601465241632e-17
170maize_train_farmyw.JPG,3.5597095621398906e-17
653maize_train_farmyw.JPG,3.552741392659744e-17
707maize_train_farmyw.JPG,3.524637104167642e-17
926maize_train_farmyw.JPG,3.523601474040726e-17
281maize_valid_farmyw.JPG,3.4448684381044585e-17
963maize_train_farmyw.JPG,3.443298449301833e-17
706maize_train_farmyw.JPG,3.417967201095254e-17
258maize_train_farmyw.JPG,3.414193272268542e-17
190maize_valid_farmyw.JPG,3.40987241162081e-17
350maize_train_farmyw.JPG,3.278170699723587e-17
215maize_valid_farmyw.JPG,3.2095729423968096e-17
70maize_valid_farmyw.JPG,3.080734598908e-17
727maize_train_farmyw.JPG,2.732827727224117e-17
968maize_train_farmyw.JPG,2.6316329326262173e-17
658maize_train_farmyw.JPG,2.6230218170134178e-17
234maize_train_farmyw.JPG,2.4244557874810834e-17
174maize_train_farmyw.JPG,2.3741079505729408e-17
256maize_valid_farmyw.JPG,2.196453046925947e-17
865maize_train_farmyw.JPG,2.196453046925947e-17
514maize_train_farmyw.JPG,2.1593328206292623e-17
414maize_train_farmyw.JPG,2.1489263922149777e-17
715maize_train_farmyw.JPG,2.1251616586524517e-17
965maize_train_farmyw.JPG,2.0987122276938236e-17
741maize_train_farmyw.JPG,1.9460793721404364e-17
262maize_train_farmyw.JPG,1.9208832852459487e-17
633maize_train_farmyw.JPG,1.9136100515558924e-17
37maize_train_farmyw.JPG,1.8770753036967728e-17
315maize_train_farmyw.JPG,1.8609423039017835e-17
567maize_train_farmyw.JPG,1.83425133620429e-17
547maize_train_farmyw.JPG,1.83425133620429e-17
1134maize_train_farmyw.JPG,1.7180256772595667e-17
1139maize_train_farmyw.JPG,1.7180256772595667e-17
1081maize_train_farmyw.JPG,1.702018574353808e-17
497maize_train_farmyw.JPG,1.6687384513328395e-17
1120maize_train_farmyw.JPG,1.6656237854543324e-17
287maize_train_farmyw.JPG,1.6499748517538092e-17
487maize_train_farmyw.JPG,1.6433602192674676e-17
1075maize_train_farmyw.JPG,1.6312411961129532e-17
1075maize_train_farmyw (1).JPG,1.6312411961129532e-17
238maize_train_farmyw.JPG,1.6295802174429467e-17
94maize_valid_farmyw.JPG,1.5689467204899522e-17
694maize_train_farmyw.JPG,1.551415620023626e-17
242maize_train_farmyw.JPG,1.4417587677593086e-17
642maize_train_farmyw.JPG,1.438782571915343e-17
322maize_train_farmyw.JPG,1.436623134208212e-17
1135maize_train_farmyw.JPG,1.2253310136698105e-17
203maize_valid_farmyw.JPG,1.2179931771739138e-17
546maize_train_farmyw.JPG,1.2137954010013297e-17
551maize_train_farmyw.JPG,1.1244067898502768e-17
437maize_train_farmyw.JPG,1.1194592571704746e-17
218maize_valid_farmyw.JPG,1.0992872998805115e-17
725maize_train_farmyw.JPG,1.0992872998805115e-17
502maize_train_farmyw.JPG,1.0956309961369046e-17
709maize_train_farmyw.JPG,1.033528757288261e-17
210maize_valid_farmyw.JPG,1.033528757288261e-17
270maize_train_farmyw.JPG,1.0241251199305744e-17
41maize_train_farmyw.JPG,9.955285762559424e-18
11maize_valid_farmyw.JPG,9.955285762559424e-18
199maize_train_farmyw.JPG,9.76749094809151e-18
1055maize_train_farmyw.JPG,9.567075011837262e-18
334maize_train_farmyw.JPG,9.424973654406777e-18
534maize_train_farmyw.JPG,9.264136656101967e-18
1085maize_train_farmyw.JPG,9.203395956541585e-18
22maize_valid_farmyw.JPG,9.194049642800349e-18
734maize_train_farmyw.JPG,9.135087381556956e-18
331maize_train_farmyw.JPG,9.02095630935934e-18
197maize_train_farmyw.JPG,8.917239441073766e-18
646maize_train_farmyw.JPG,8.437116516587774e-18
211maize_valid_farmyw.JPG,7.894804499288821e-18
543maize_train_farmyw.JPG,7.854227154340032e-18
1133maize_train_farmyw.JPG,7.847740403976391e-18
105maize_valid_farmyw.JPG,7.3988253496408e-18
385maize_train_farmyw.JPG,7.3988253496408e-18
751maize_train_farmyw.JPG,7.387678263706036e-18
267maize_train_farmyw.JPG,7.371399349250992e-18
386maize_train_farmyw.JPG,7.325641372125784e-18
469maize_train_farmyw.JPG,7.259211324312263e-18
507maize_train_farmyw.JPG,7.127151939518172e-18
54maize_train_farmyw.JPG,6.876669242327927e-18
1070maize_train_farmyw.JPG,6.866323694406726e-18
1125maize_train_farmyw.JPG,6.7238633405903935e-18
479maize_train_farmyw.JPG,6.3553916008255846e-18
973maize_train_farmyw.JPG,6.295524403992059e-18
1110maize_train_farmyw.JPG,5.830172030114121e-18
219maize_valid_farmyw.JPG,5.795958599208009e-18
747maize_train_farmyw.JPG,5.772372371221672e-18
713maize_train_farmyw.JPG,5.683742036538146e-18
979maize_train_farmyw.JPG,5.484210769949024e-18
443maize_train_farmyw.JPG,5.423475033472318e-18
775maize_train_farmyw.JPG,5.420637803971261e-18
710maize_train_farmyw.JPG,5.352591031650505e-18
749maize_train_farmyw.JPG,5.2370049487554074e-18
276maize_valid_farmyw.JPG,5.213108114449057e-18
1119maize_train_farmyw.JPG,5.207302547319853e-18
521maize_train_farmyw.JPG,5.064247864233401e-18
539maize_train_farmyw.JPG,4.998683460930917e-18
194maize_valid_farmyw.JPG,4.89453480436559e-18
467maize_train_farmyw.JPG,4.794579126325295e-18
1132maize_train_farmyw.JPG,4.763457696548906e-18
730maize_train_farmyw.JPG,4.737096277607454e-18
743maize_train_farmyw.JPG,4.704777917484701e-18
486maize_train_farmyw.JPG,4.699032734540214e-18
1116maize_train_farmyw.JPG,4.536256824879579e-18
971maize_train_farmyw.JPG,4.4973123344599696e-18
339maize_train_farmyw.JPG,4.446082971173029e-18
722maize_train_farmyw.JPG,4.247659299424115e-18
972maize_train_farmyw.JPG,4.233776727203638e-18
1087maize_train_farmyw.JPG,4.166901656220563e-18
42maize_train_farmyw.JPG,3.822171240806945e-18
323maize_train_farmyw.JPG,3.794524383193585e-18
506maize_train_farmyw.JPG,3.674179116644164e-18
1083maize_train_farmyw.JPG,3.610623107868958e-18
490maize_train_farmyw.JPG,3.534612654200848e-18
216maize_valid_farmyw.JPG,3.4415509061807227e-18
462maize_train_farmyw.JPG,3.2882745454698e-18
463maize_train_farmyw.JPG,3.258585999309506e-18
719maize_train_farmyw.JPG,3.1427697534089658e-18
1115maize_train_farmyw.JPG,3.0028585634453685e-18
966maize_train_farmyw.JPG,2.97027033564777e-18
1013maize_train_farmyw.JPG,2.9640191249635536e-18
15maize_train_farmyw.JPG,2.9629791521384213e-18
390maize_train_farmyw.JPG,2.953935379706226e-18
1086maize_train_farmyw.JPG,2.88939026971356e-18
335maize_train_farmyw.JPG,2.875798244683242e-18
505maize_train_farmyw.JPG,2.8155420661666634e-18
189maize_valid_farmyw.JPG,2.738299113385849e-18
314maize_train_farmyw.JPG,2.5160654612949025e-18
212maize_valid_farmyw.JPG,2.4043406574992027e-18
26maize_train_farmyw.JPG,2.393142699956766e-18
947maize_train_farmyw.JPG,2.334571074757652e-18
635maize_train_farmyw.JPG,2.313708752528452e-18
510maize_train_farmyw.JPG,2.289898358596113e-18
774maize_train_farmyw.JPG,2.2506796578034426e-18
714maize_train_farmyw.JPG,2.2381044445411052e-18
723maize_train_farmyw.JPG,2.1438031663730693e-18
967maize_train_farmyw.JPG,2.057137385644357e-18
171maize_valid_farmyw.JPG,2.016562315442253e-18
23maize_valid_farmyw.JPG,1.928990565147642e-18
955maize_train_farmyw.JPG,1.814828887267361e-18
671maize_train_farmyw.JPG,1.7959054763939855e-18
822maize_train_farmyw.JPG,1.757087544608097e-18
442maize_train_farmyw.JPG,1.7540056764408776e-18
58maize_train_farmyw.JPG,1.753793711408911e-18
198maize_train_farmyw.JPG,1.7399324390892066e-18
123maize_train_farmyw.JPG,1.7353016752249817e-18
220maize_valid_farmyw.JPG,1.7118862600351368e-18
630maize_train_farmyw.JPG,1.6773407161130847e-18
1038maize_train_farmyw.JPG,1.6472369252852893e-18
669maize_train_farmyw.JPG,1.6455428593907807e-18
266maize_train_farmyw.JPG,1.6013257129516054e-18
198maize_valid_farmyw.JPG,1.5353756366885182e-18
682maize_train_farmyw.JPG,1.4892568020210836e-18
330maize_train_farmyw.JPG,1.4542709912180001e-18
211maize_train_farmyw.JPG,1.3972712159778898e-18
1058maize_train_farmyw.JPG,1.3702856892642661e-18
466maize_train_farmyw.JPG,1.3056617903182546e-18
461maize_train_farmyw.JPG,1.1363933400296909e-18
14maize_train_farmyw.JPG,1.0787631497652386e-18
27maize_train_farmyw.JPG,1.0530255284032277e-18
1016maize_train_farmyw.JPG,1.0048725532119486e-18
306maize_train_farmyw.JPG,9.836328298282713e-19
172maize_valid_farmyw.JPG,8.993655626832333e-19
445maize_train_farmyw.JPG,8.929680444281716e-19
262maize_valid_farmyw.JPG,8.856033452418823e-19
885maize_train_farmyw.JPG,8.856033452418823e-19
277maize_valid_farmyw.JPG,8.784049093587162e-19
286maize_train_farmyw.JPG,8.687207957348282e-19
119maize_valid_farmyw.JPG,8.175548151623247e-19
518maize_train_farmyw.JPG,7.29482568898331e-19
33maize_train_farmyw.JPG,6.07145606530247e-19
9maize_valid_farmyw.JPG,6.07145606530247e-19
731maize_train_farmyw.JPG,5.236114799018724e-19
969maize_train_farmyw.JPG,5.211735718415255e-19
750maize_train_farmyw.JPG,4.84809367945199e-19
638maize_train_farmyw.JPG,4.614582143491919e-19
210maize_train_farmyw.JPG,4.381328584485387e-19
223maize_train_farmyw.JPG,4.0774343181547105e-19
193maize_valid_farmyw.JPG,4.0652440023711516e-19
245maize_train_farmyw.JPG,3.9688893517300294e-19
67maize_valid_farmyw.JPG,3.9688893517300294e-19
39maize_train_farmyw.JPG,3.843553394352346e-19
1060maize_train_farmyw.JPG,3.7314536192452183e-19
634maize_train_farmyw.JPG,3.535160557959088e-19
283maize_valid_farmyw.JPG,3.423782239442471e-19
35maize_train_farmyw.JPG,3.415066599219518e-19
1019maize_train_farmyw.JPG,3.350018408318055e-19
174maize_valid_farmyw.JPG,3.244128691659669e-19
637maize_train_farmyw.JPG,3.244128691659669e-19
85maize_valid_farmyw.JPG,3.1928747714482935e-19
309maize_train_farmyw.JPG,3.1928747714482935e-19
1018maize_train_farmyw.JPG,3.128886922694547e-19
471maize_train_farmyw.JPG,2.991690229308619e-19
538maize_train_farmyw.JPG,2.8371845231110774e-19
190maize_train_farmyw.JPG,2.7324197720857636e-19
1117maize_train_farmyw.JPG,2.716292335080394e-19
498maize_train_farmyw.JPG,2.6633385587102218e-19
297maize_train_farmyw.JPG,2.4612330026572577e-19
81maize_valid_farmyw.JPG,2.4612330026572577e-19
298maize_train_farmyw.JPG,2.455822207475395e-19
338maize_train_farmyw.JPG,2.3797489914783074e-19
246maize_train_farmyw.JPG,2.332490870613446e-19
470maize_train_farmyw.JPG,2.306330508259632e-19
374maize_train_farmyw.JPG,2.2913065818901963e-19
226maize_valid_farmyw.JPG,2.1755392947421616e-19
753maize_train_farmyw.JPG,2.1755392947421616e-19
451maize_train_farmyw.JPG,2.1474338947261118e-19
207maize_train_farmyw.JPG,2.1421961612380319e-19
1057maize_train_farmyw.JPG,2.106685039047189e-19
1112maize_train_farmyw.JPG,2.0792393155696502e-19
670maize_train_farmyw.JPG,1.8881894161443695e-19
1089maize_train_farmyw.JPG,1.8789896167691313e-19
347maize_train_farmyw.JPG,1.8645316628844408e-19
299maize_train_farmyw.JPG,1.7658207107202788e-19
205maize_train_farmyw.JPG,1.7403794785115033e-19
1078maize_train_farmyw (1).JPG,1.693213898477671e-19
1078maize_train_farmyw.JPG,1.693213898477671e-19
122maize_train_farmyw.JPG,1.6260660905370012e-19
118maize_valid_farmyw.JPG,1.3915077833611383e-19
699maize_train_farmyw.JPG,1.353924185994938e-19
222maize_train_farmyw.JPG,1.2491154909995823e-19
961maize_train_farmyw.JPG,1.2278075769141577e-19
191maize_train_farmyw.JPG,1.1376226596669154e-19
38maize_train_farmyw.JPG,1.1283729709609826e-19
1053maize_train_farmyw.JPG,1.1221844967563495e-19
433maize_train_farmyw.JPG,1.0110581452091348e-19
375maize_train_farmyw.JPG,9.13441850263413e-20
206maize_train_farmyw.JPG,8.886474345195628e-20
759maize_train_farmyw.JPG,8.502535878939726e-20
1095maize_train_farmyw.JPG,8.041301908084719e-20
763maize_train_farmyw.JPG,7.706587796859111e-20
975maize_train_farmyw.JPG,7.634895148440345e-20
976maize_train_farmyw.JPG,7.311368008764663e-20
342maize_train_farmyw.JPG,7.134592403278692e-20
1109maize_train_farmyw.JPG,6.866999475117788e-20
974maize_train_farmyw.JPG,6.533212064672181e-20
189maize_train_farmyw.JPG,6.520191724842713e-20
1111maize_train_farmyw.JPG,6.473152936087149e-20
447maize_train_farmyw.JPG,6.468228626503044e-20
755maize_train_farmyw.JPG,5.832275369466084e-20
435maize_train_farmyw.JPG,5.813523572720419e-20
762maize_train_farmyw.JPG,5.454694561699476e-20
343maize_train_farmyw.JPG,5.454470318205292e-20
1088maize_train_farmyw.JPG,5.328118479637817e-20
920maize_train_farmyw.JPG,5.1312469089107823e-20
43maize_train_farmyw.JPG,5.076363152150462e-20
718maize_train_farmyw.JPG,4.554355963197242e-20
746maize_train_farmyw.JPG,4.013634136002437e-20
948maize_train_farmyw.JPG,3.1274328942740435e-20
639maize_train_farmyw.JPG,2.8141395297392914e-20
754maize_train_farmyw.JPG,2.67368248458194e-20
698maize_train_farmyw.JPG,2.4305049554232746e-20
227maize_train_farmyw.JPG,2.420547607240954e-20
450maize_train_farmyw.JPG,2.4192905188920723e-20
742maize_train_farmyw.JPG,2.3575671740004177e-20
1061maize_train_farmyw.JPG,1.7322352714578078e-20
726maize_train_farmyw.JPG,1.6402957619596727e-20
337maize_train_farmyw.JPG,1.4636019051826765e-20
1066maize_train_farmyw.JPG,1.123868003173351e-20
247maize_train_farmyw.JPG,1.1119667805515309e-20
180maize_valid_farmyw.JPG,1.0957411966277771e-20
649maize_train_farmyw.JPG,1.0957411966277771e-20
289maize_train_farmyw.JPG,1.0734336541591278e-20
79maize_valid_farmyw.JPG,1.0734336541591278e-20
446maize_train_farmyw.JPG,1.0400027942736278e-20
290maize_train_farmyw.JPG,9.50175180276917e-21
758maize_train_farmyw.JPG,9.313080306098921e-21
34maize_train_farmyw.JPG,7.893866172743805e-21
434maize_train_farmyw.JPG,6.5799592399500776e-21
346maize_train_farmyw.JPG,3.8133256459861156e-21
1004maize_train_farmyw.JPG,3.733508371429717e-21
887maize_train_farmyw.JPG,3.597666574037757e-21
226maize_train_farmyw.JPG,2.828976678080178e-21
886maize_train_farmyw.JPG,2.8179789725629873e-21
93maize_valid_farmyw.JPG,1.9572072742704557e-21
341maize_train_farmyw.JPG,1.9572072742704557e-21
651maize_train_farmyw.JPG,1.3997337875914227e-21
950maize_train_farmyw.JPG,1.375908017308537e-21
225maize_train_farmyw.JPG,5.765982013248787e-22
439maize_train_farmyw.JPG,2.035524425685937e-22
929maize_train_farmyw.JPG,2.0307800268753206e-22
291maize_train_farmyw.JPG,1.4289276238057054e-22
1076maize_train_farmyw.JPG,1.424378736281839e-22
1076maize_train_farmyw (1).JPG,1.424378736281839e-22
311maize_train_farmyw.JPG,8.822323752291433e-23
1080maize_train_farmyw.JPG,8.809329635460632e-23
438maize_train_farmyw.JPG,6.552922389264384e-23
345maize_train_farmyw.JPG,4.609470779209968e-23
650maize_train_farmyw.JPG,3.527621569535717e-23
761maize_train_farmyw.JPG,2.2846446800708152e-23
228maize_valid_farmyw.JPG,2.2846446800708152e-23
310maize_train_farmyw.JPG,1.2436500244753266e-23
20maize_train_farmyw.JPG,1.1383420634520245e-25
4maize_valid_farmyw.JPG,6.82696004596368e-26
16maize_train_farmyw.JPG,6.82696004596368e-26
4maize_train_farmyw.JPG,5.475760260753452e-26
0maize_valid_farmyw.JPG,4.99211518644069e-26
0maize_train_farmyw.JPG,4.99211518644069e-26
904maize_train_farmyw.JPG,3.6935866577959376e-26
900maize_train_farmyw.JPG,3.589326363219337e-26
265maize_valid_farmyw.JPG,3.589326363219337e-26
8maize_train_farmyw.JPG,1.1629091641928698e-26
2maize_valid_farmyw.JPG,1.1629091641928698e-26
26maize_valid_farmyw.JPG,3.391900440178168e-27
96maize_train_farmyw.JPG,3.391900440178168e-27
276maize_train_farmyw.JPG,1.771151428848589e-27
180maize_train_farmyw.JPG,1.4397546410914357e-27
316maize_train_farmyw.JPG,1.4166082372408066e-27
86maize_valid_farmyw.JPG,1.4166082372408066e-27
828maize_train_farmyw.JPG,1.3950798071364572e-27
836maize_train_farmyw.JPG,1.1397558077351415e-27
92maize_train_farmyw.JPG,1.0844173885675825e-27
245maize_valid_farmyw.JPG,8.542150267678594e-28
824maize_train_farmyw.JPG,8.542150267678594e-28
416maize_train_farmyw.JPG,8.508154715265243e-28
452maize_train_farmyw.JPG,7.713336908726241e-28
784maize_train_farmyw.JPG,7.580529113103672e-28
251maize_valid_farmyw.JPG,6.467834161831127e-28
848maize_train_farmyw.JPG,6.467834161831127e-28
248maize_train_farmyw.JPG,6.034754628579144e-28
68maize_train_farmyw.JPG,5.525326898989276e-28
18maize_valid_farmyw.JPG,5.525326898989276e-28
139maize_valid_farmyw.JPG,5.368664053593041e-28
568maize_train_farmyw.JPG,5.368664053593041e-28
247maize_valid_farmyw.JPG,5.084923535641275e-28
832maize_train_farmyw.JPG,5.084923535641275e-28
872maize_train_farmyw.JPG,4.769433581073799e-28
84maize_train_farmyw.JPG,4.7005575114376505e-28
888maize_train_farmyw.JPG,4.378918544040232e-28
524maize_train_farmyw.JPG,4.128485540029185e-28
804maize_train_farmyw.JPG,4.071049975745183e-28
239maize_valid_farmyw.JPG,4.071049975745183e-28
908maize_train_farmyw.JPG,3.815888813720665e-28
235maize_valid_farmyw.JPG,3.7311216553721346e-28
788maize_train_farmyw.JPG,3.7311216553721346e-28
876maize_train_farmyw.JPG,3.50694100243303e-28
259maize_valid_farmyw.JPG,3.50694100243303e-28
424maize_train_farmyw.JPG,3.3822526867147544e-28
580maize_train_farmyw.JPG,3.1124532534066784e-28
816maize_train_farmyw.JPG,2.8117744223352696e-28
114maize_valid_farmyw.JPG,2.789111282455936e-28
420maize_train_farmyw.JPG,2.789111282455936e-28
260maize_train_farmyw.JPG,2.6757638052151847e-28
812maize_train_farmyw.JPG,2.571002605148998e-28
241maize_valid_farmyw.JPG,2.571002605148998e-28
860maize_train_farmyw.JPG,2.5248614162826116e-28
808maize_train_farmyw.JPG,2.5083725670637403e-28
868maize_train_farmyw.JPG,2.467539000382842e-28
257maize_valid_farmyw.JPG,2.467539000382842e-28
24maize_valid_farmyw.JPG,2.4328010019759296e-28
88maize_train_farmyw.JPG,2.4328010019759296e-28
880maize_train_farmyw.JPG,2.3549144690949653e-28
896maize_train_farmyw.JPG,2.19642656433518e-28
172maize_train_farmyw.JPG,2.1654046477559627e-28
764maize_train_farmyw.JPG,2.1450324015454775e-28
58maize_valid_farmyw.JPG,2.0603088173619387e-28
216maize_train_farmyw.JPG,2.0603088173619387e-28
160maize_train_farmyw.JPG,2.0289308444842527e-28
169maize_valid_farmyw.JPG,1.9792507593450548e-28
628maize_train_farmyw.JPG,1.9792507593450548e-28
88maize_valid_farmyw.JPG,1.9229011788084439e-28
324maize_train_farmyw.JPG,1.9229011788084439e-28
64maize_train_farmyw.JPG,1.9111601080143517e-28
50maize_valid_farmyw.JPG,1.6582014876224837e-28
184maize_train_farmyw.JPG,1.6582014876224837e-28
660maize_train_farmyw.JPG,1.3344573584252288e-28
249maize_valid_farmyw.JPG,1.3301040345271845e-28
840maize_train_farmyw.JPG,1.3301040345271845e-28
856maize_train_farmyw.JPG,1.2632630709891457e-28
253maize_valid_farmyw.JPG,1.2632630709891457e-28
128maize_train_farmyw.JPG,1.2466158140323485e-28
34maize_valid_farmyw.JPG,1.2466158140323485e-28
48maize_valid_farmyw.JPG,1.2339743709892553e-28
176maize_train_farmyw.JPG,1.2339743709892553e-28
130maize_valid_farmyw.JPG,1.1104506410342265e-28
480maize_train_farmyw.JPG,1.1104506410342265e-28
300maize_train_farmyw.JPG,1.0737519255733062e-28
62maize_valid_farmyw.JPG,1.05156400890775e-28
228maize_train_farmyw.JPG,1.05156400890775e-28
165maize_valid_farmyw.JPG,1.04225310059161e-28
620maize_train_farmyw.JPG,1.04225310059161e-28
110maize_valid_farmyw.JPG,9.493113325941277e-29
404maize_train_farmyw.JPG,9.493113325941277e-29
616maize_train_farmyw.JPG,9.328498075063423e-29
796maize_train_farmyw.JPG,9.261660481902787e-29
237maize_valid_farmyw.JPG,9.261660481902787e-29
76maize_train_farmyw.JPG,8.699373197576781e-29
20maize_valid_farmyw.JPG,8.699373197576781e-29
252maize_train_farmyw.JPG,8.102780887969485e-29
68maize_valid_farmyw.JPG,8.102780887969485e-29
820maize_train_farmyw.JPG,8.087838079013471e-29
608maize_train_farmyw.JPG,7.922864123683476e-29
604maize_train_farmyw.JPG,7.859505241484889e-29
157maize_valid_farmyw.JPG,7.859505241484889e-29
864maize_train_farmyw.JPG,7.803747764035555e-29
255maize_valid_farmyw.JPG,7.803747764035555e-29
892maize_train_farmyw.JPG,7.333078170870266e-29
263maize_valid_farmyw.JPG,7.333078170870266e-29
80maize_train_farmyw.JPG,6.969024448307607e-29
852maize_train_farmyw.JPG,6.964044113842044e-29
102maize_valid_farmyw.JPG,6.663857237500804e-29
376maize_train_farmyw.JPG,6.663857237500804e-29
229maize_valid_farmyw.JPG,6.563927954923842e-29
768maize_train_farmyw.JPG,6.563927954923842e-29
116maize_valid_farmyw.JPG,6.511923031600526e-29
428maize_train_farmyw.JPG,6.511923031600526e-29
48maize_train_farmyw.JPG,6.211087959462378e-29
360maize_train_farmyw.JPG,5.921669438922694e-29
98maize_valid_farmyw.JPG,5.921669438922694e-29
147maize_valid_farmyw.JPG,5.47880425562328e-29
584maize_train_farmyw.JPG,5.47880425562328e-29
100maize_train_farmyw.JPG,5.473391790626444e-29
200maize_train_farmyw.JPG,5.455908559703161e-29
54maize_valid_farmyw.JPG,5.455908559703161e-29
612maize_train_farmyw.JPG,5.194931811470323e-29
161maize_valid_farmyw.JPG,5.194931811470323e-29
201maize_valid_farmyw.JPG,4.88314511925935e-29
692maize_train_farmyw.JPG,4.88314511925935e-29
592maize_train_farmyw.JPG,4.7890523071935427e-29
151maize_valid_farmyw.JPG,4.7890523071935427e-29
256maize_train_farmyw.JPG,4.2088996152209147e-29
624maize_train_farmyw.JPG,3.9177248873131923e-29
240maize_train_farmyw.JPG,3.8011904774969664e-29
280maize_train_farmyw.JPG,3.7938343278890686e-29
76maize_valid_farmyw.JPG,3.7938343278890686e-29
456maize_train_farmyw.JPG,3.666989873412741e-29
124maize_valid_farmyw.JPG,3.666989873412741e-29
264maize_train_farmyw.JPG,3.482934767158729e-29
72maize_valid_farmyw.JPG,3.482934767158729e-29
748maize_train_farmyw.JPG,3.3500615501033617e-29
844maize_train_farmyw.JPG,3.2526125041829057e-29
196maize_train_farmyw.JPG,3.162521714356224e-29
60maize_train_farmyw.JPG,3.032665887855915e-29
16maize_valid_farmyw.JPG,3.032665887855915e-29
800maize_train_farmyw.JPG,3.024892052191328e-29
212maize_train_farmyw.JPG,2.9943591412620526e-29
356maize_train_farmyw.JPG,2.9861002119927233e-29
352maize_train_farmyw.JPG,2.9238818414330784e-29
96maize_valid_farmyw.JPG,2.9238818414330784e-29
532maize_train_farmyw.JPG,2.92375876247257e-29
292maize_train_farmyw.JPG,2.783506525391215e-29
106maize_valid_farmyw.JPG,2.778320357162845e-29
392maize_train_farmyw.JPG,2.778320357162845e-29
408maize_train_farmyw.JPG,2.606337521468049e-29
40maize_valid_farmyw.JPG,2.5767624597595526e-29
148maize_train_farmyw.JPG,2.5767624597595526e-29
588maize_train_farmyw.JPG,2.448742586164041e-29
780maize_train_farmyw.JPG,2.37029163543875e-29
233maize_valid_farmyw.JPG,2.37029163543875e-29
348maize_train_farmyw.JPG,2.3157041604306318e-29
108maize_train_farmyw.JPG,2.2723617088853047e-29
187maize_valid_farmyw.JPG,2.254130224085972e-29
664maize_train_farmyw.JPG,2.254130224085972e-29
400maize_train_farmyw.JPG,2.2347717693426192e-29
596maize_train_farmyw.JPG,2.2212818337884018e-29
476maize_train_farmyw.JPG,2.144351765866069e-29
104maize_train_farmyw.JPG,2.0345541988099988e-29
28maize_valid_farmyw.JPG,2.0345541988099988e-29
136maize_train_farmyw.JPG,1.946026421503809e-29
704maize_train_farmyw.JPG,1.9297572787618748e-29
284maize_train_farmyw.JPG,1.7428167382466508e-29
236maize_train_farmyw.JPG,1.6784094279345883e-29
64maize_valid_farmyw.JPG,1.6784094279345883e-29
143maize_valid_farmyw.JPG,1.5670058158608315e-29
576maize_train_farmyw.JPG,1.5670058158608315e-29
116maize_train_farmyw.JPG,1.531326459008289e-29
56maize_train_farmyw.JPG,1.5238860499653242e-29
52maize_train_farmyw.JPG,1.489354126062461e-29
14maize_valid_farmyw.JPG,1.489354126062461e-29
168maize_train_farmyw.JPG,1.4578277061157803e-29
205maize_valid_farmyw.JPG,1.4520369764408047e-29
700maize_train_farmyw.JPG,1.4520369764408047e-29
152maize_train_farmyw.JPG,1.4427156259732474e-29
736maize_train_farmyw.JPG,1.40081085103875e-29
221maize_valid_farmyw.JPG,1.40081085103875e-29
72maize_train_farmyw.JPG,1.3332373419907703e-29
676maize_train_farmyw.JPG,1.2740116860087708e-29
199maize_valid_farmyw.JPG,1.2465377687306177e-29
688maize_train_farmyw.JPG,1.2465377687306177e-29
708maize_train_farmyw.JPG,1.219986717961363e-29
209maize_valid_farmyw.JPG,1.219986717961363e-29
104maize_valid_farmyw.JPG,1.110834563131578e-29
384maize_train_farmyw.JPG,1.110834563131578e-29
6maize_valid_farmyw.JPG,1.0830625028702371e-29
24maize_train_farmyw.JPG,1.0830625028702371e-29
552maize_train_farmyw.JPG,1.0564762436941866e-29
108maize_valid_farmyw.JPG,1.0373537906006596e-29
396maize_train_farmyw.JPG,1.0373537906006596e-29
572maize_train_farmyw.JPG,1.0332795459886191e-29
112maize_valid_farmyw.JPG,1.000900224956801e-29
412maize_train_farmyw.JPG,1.000900224956801e-29
684maize_train_farmyw.JPG,9.922285749189205e-30
36maize_train_farmyw.JPG,9.617736791987206e-30
134maize_valid_farmyw.JPG,9.531613869235793e-30
492maize_train_farmyw.JPG,9.531613869235793e-30
312maize_train_farmyw.JPG,9.280907443357953e-30
772maize_train_farmyw.JPG,9.216776233159012e-30
380maize_train_farmyw.JPG,9.027244414088926e-30
144maize_train_farmyw.JPG,8.502691062661604e-30
516maize_train_farmyw.JPG,8.456255086143105e-30
724maize_train_farmyw.JPG,7.581641397831867e-30
217maize_valid_farmyw.JPG,7.581641397831867e-30
155maize_valid_farmyw.JPG,7.454898656530727e-30
600maize_train_farmyw.JPG,7.454898656530727e-30
336maize_train_farmyw.JPG,7.454768505796204e-30
42maize_valid_farmyw.JPG,7.214878884895083e-30
156maize_train_farmyw.JPG,7.214878884895083e-30
140maize_train_farmyw.JPG,7.074990919407116e-30
38maize_valid_farmyw.JPG,7.074990919407116e-30
536maize_train_farmyw.JPG,7.068824934319539e-30
231maize_valid_farmyw.JPG,6.399045932656036e-30
776maize_train_farmyw.JPG,6.399045932656036e-30
32maize_train_farmyw.JPG,6.2917814148666654e-30
8maize_valid_farmyw.JPG,6.2917814148666654e-30
136maize_valid_farmyw.JPG,6.186580500920051e-30
500maize_train_farmyw.JPG,6.186580500920051e-30
261maize_valid_farmyw.JPG,5.881964963718021e-30
884maize_train_farmyw.JPG,5.881964963718021e-30
792maize_train_farmyw.JPG,5.535391237118192e-30
644maize_train_farmyw.JPG,5.5187338238902034e-30
232maize_train_farmyw.JPG,5.444155572217538e-30
328maize_train_farmyw.JPG,5.367705181221979e-30
44maize_train_farmyw.JPG,5.1283275116205285e-30
12maize_valid_farmyw.JPG,5.1283275116205285e-30
124maize_train_farmyw.JPG,5.117225202575882e-30
36maize_valid_farmyw.JPG,4.36317548109967e-30
132maize_train_farmyw.JPG,4.36317548109967e-30
364maize_train_farmyw.JPG,4.144179190829612e-30
740maize_train_farmyw.JPG,3.754083585226747e-30
504maize_train_farmyw.JPG,3.6208141231316495e-30
28maize_train_farmyw.JPG,3.422417007786306e-30
225maize_valid_farmyw.JPG,3.3663186557831435e-30
752maize_train_farmyw.JPG,3.3663186557831435e-30
90maize_valid_farmyw.JPG,3.291942024901531e-30
332maize_train_farmyw.JPG,3.291942024901531e-30
372maize_train_farmyw.JPG,3.1387455825712945e-30
320maize_train_farmyw.JPG,3.0865686797224755e-30
30maize_valid_farmyw.JPG,3.0269098023504466e-30
112maize_train_farmyw.JPG,3.0269098023504466e-30
52maize_valid_farmyw.JPG,2.923701586427346e-30
192maize_train_farmyw.JPG,2.923701586427346e-30
268maize_train_farmyw.JPG,2.6794472139423e-30
652maize_train_farmyw.JPG,2.4218313263098752e-30
512maize_train_farmyw.JPG,2.4000527073733205e-30
191maize_valid_farmyw.JPG,2.372294489733455e-30
672maize_train_farmyw.JPG,2.372294489733455e-30
636maize_train_farmyw.JPG,2.245406927528294e-30
173maize_valid_farmyw.JPG,2.245406927528294e-30
668maize_train_farmyw.JPG,2.2006412814625393e-30
388maize_train_farmyw.JPG,2.1768511565928575e-30
720maize_train_farmyw.JPG,2.0679290977292798e-30
712maize_train_farmyw.JPG,1.9489583489175848e-30
32maize_valid_farmyw.JPG,1.8639556252627313e-30
120maize_train_farmyw.JPG,1.8639556252627313e-30
128maize_valid_farmyw.JPG,1.8373324649680197e-30
472maize_train_farmyw.JPG,1.8373324649680197e-30
272maize_train_farmyw.JPG,1.6099660906828193e-30
74maize_valid_farmyw.JPG,1.6099660906828193e-30
732maize_train_farmyw.JPG,1.4924650859678444e-30
488maize_train_farmyw.JPG,1.460512798523793e-30
680maize_train_farmyw.JPG,1.3628196259365582e-30
195maize_valid_farmyw.JPG,1.3628196259365582e-30
728maize_train_farmyw.JPG,1.2747261984949747e-30
508maize_train_farmyw.JPG,1.2690275899612843e-30
344maize_train_farmyw.JPG,1.0031032142176996e-30
544maize_train_farmyw.JPG,9.834281659318284e-31
60maize_valid_farmyw.JPG,9.4458400212868e-31
220maize_train_farmyw.JPG,9.4458400212868e-31
540maize_train_farmyw.JPG,9.078445374507918e-31
188maize_train_farmyw.JPG,8.65494579295751e-31
756maize_train_farmyw.JPG,8.4228590095176e-31
213maize_valid_farmyw.JPG,8.355272786322721e-31
716maize_train_farmyw.JPG,8.355272786322721e-31
528maize_train_farmyw.JPG,7.900887796001067e-31
120maize_valid_farmyw.JPG,7.661447590100153e-31
440maize_train_farmyw.JPG,7.661447590100153e-31
520maize_train_farmyw.JPG,7.058271346037856e-31
82maize_valid_farmyw.JPG,6.629004789202314e-31
304maize_train_farmyw.JPG,6.629004789202314e-31
656maize_train_farmyw.JPG,6.552492332105031e-31
183maize_valid_farmyw.JPG,6.552492332105031e-31
227maize_valid_farmyw.JPG,6.267823335364138e-31
760maize_train_farmyw.JPG,6.267823335364138e-31
296maize_train_farmyw.JPG,6.174085654247646e-31
80maize_valid_farmyw.JPG,6.174085654247646e-31
132maize_valid_farmyw.JPG,6.138255175841362e-31
484maize_train_farmyw.JPG,6.138255175841362e-31
224maize_train_farmyw.JPG,6.086465715930574e-31
100maize_valid_farmyw.JPG,5.73935304868078e-31
368maize_train_farmyw.JPG,5.73935304868078e-31
548maize_train_farmyw.JPG,4.8589388129657484e-31
44maize_valid_farmyw.JPG,4.835079569028238e-31
164maize_train_farmyw.JPG,4.835079569028238e-31
464maize_train_farmyw.JPG,4.732062535506355e-31
126maize_valid_farmyw.JPG,4.732062535506355e-31
640maize_train_farmyw.JPG,4.698512986338407e-31
244maize_train_farmyw.JPG,4.616067103955914e-31
66maize_valid_farmyw.JPG,4.616067103955914e-31
223maize_valid_farmyw.JPG,4.014649869640187e-31
744maize_train_farmyw.JPG,4.014649869640187e-31
204maize_train_farmyw.JPG,3.71636535693259e-31
632maize_train_farmyw.JPG,3.4027476959128666e-31
460maize_train_farmyw.JPG,3.182058505698529e-31
564maize_train_farmyw.JPG,3.133882985619909e-31
696maize_train_farmyw.JPG,3.032135485996914e-31
648maize_train_farmyw.JPG,2.523969043037569e-31
179maize_valid_farmyw.JPG,2.523969043037569e-31
208maize_train_farmyw.JPG,2.2523113581670578e-31
56maize_valid_farmyw.JPG,2.2523113581670578e-31
432maize_train_farmyw.JPG,2.2084665943757373e-31
340maize_train_farmyw.JPG,1.2394337203431747e-31
92maize_valid_farmyw.JPG,1.2394337203431747e-31
496maize_train_farmyw.JPG,1.1310695981182713e-31
12maize_train_farmyw.JPG,8.791920154637642e-32
468maize_train_farmyw.JPG,7.883643293874504e-32
444maize_train_farmyw.JPG,5.740043534062453e-32
40maize_train_farmyw.JPG,3.896258898152205e-32
10maize_valid_farmyw.JPG,3.896258898152205e-32
122maize_valid_farmyw.JPG,1.9395499566198321e-32
448maize_train_farmyw.JPG,1.9395499566198321e-32
84maize_valid_farmyw.JPG,1.7206197173773475e-32
308maize_train_farmyw.JPG,1.7206197173773475e-32
436maize_train_farmyw.JPG,1.25498774404382e-32
78maize_valid_farmyw.JPG,5.77542194672877e-33
288maize_train_farmyw.JPG,5.77542194672877e-33
