image_name,loss
731maize_train_healthy.JPG,0.06021223962306976
527maize_train_healthy.JPG,0.060194820165634155
285maize_train_healthy.JPG,0.05988985300064087
158maize_train_healthy.JPG,0.05662792921066284
811maize_train_healthy.JPG,0.05592402443289757
215maize_train_healthy.JPG,0.055883243680000305
525maize_train_healthy.JPG,0.055238738656044006
74maize_valid_healthy.JPG,0.05249737948179245
286maize_train_healthy.JPG,0.05212223529815674
210maize_train_healthy.JPG,0.04726279526948929
213maize_train_healthy.JPG,0.04627961665391922
470maize_train_healthy.JPG,0.04620375484228134
526maize_train_healthy.JPG,0.046091072261333466
51maize_train_healthy.JPG,0.045005008578300476
773maize_train_healthy.JPG,0.04494708031415939
214maize_train_healthy.JPG,0.04137726128101349
57maize_train_healthy.JPG,0.040435791015625
206maize_train_healthy.JPG,0.038466788828372955
756maize_train_healthy.JPG,0.036887869238853455
639maize_train_healthy.JPG,0.03685447573661804
202maize_train_healthy.JPG,0.03599504753947258
287maize_train_healthy.JPG,0.035863883793354034
827maize_train_healthy.JPG,0.0358210951089859
501maize_train_healthy.JPG,0.03494381159543991
203maize_train_healthy.JPG,0.03411306068301201
808maize_train_healthy.JPG,0.03398950397968292
446maize_train_healthy.JPG,0.0336281955242157
490maize_train_healthy.JPG,0.03299462050199509
13maize_valid_healthy.JPG,0.03299209475517273
45maize_train_healthy.JPG,0.03299209475517273
481maize_train_healthy.JPG,0.03250431641936302
477maize_train_healthy.JPG,0.03230792284011841
149maize_valid_healthy.JPG,0.03230792284011841
798maize_train_healthy.JPG,0.03074837103486061
159maize_train_healthy.JPG,0.030669307336211205
75maize_valid_healthy.JPG,0.027546744793653488
203maize_valid_healthy.JPG,0.02746175415813923
50maize_train_healthy.JPG,0.027415147051215172
113maize_valid_healthy.JPG,0.02638586051762104
208maize_valid_healthy.JPG,0.025954263284802437
479maize_train_healthy.JPG,0.023010222241282463
162maize_train_healthy.JPG,0.02272344008088112
720maize_train_healthy.JPG,0.02256026491522789
483maize_train_healthy.JPG,0.02246730774641037
721maize_train_healthy.JPG,0.02241489663720131
207maize_train_healthy.JPG,0.020866625010967255
809maize_train_healthy.JPG,0.020783009007573128
209maize_train_healthy.JPG,0.020749229937791824
57maize_valid_healthy.JPG,0.020749229937791824
727maize_train_healthy.JPG,0.020094234496355057
511maize_train_healthy.JPG,0.02004074677824974
15maize_valid_healthy.JPG,0.019915971904993057
53maize_train_healthy.JPG,0.019915971904993057
117maize_train_healthy.JPG,0.018436502665281296
112maize_valid_healthy.JPG,0.017690978944301605
155maize_valid_healthy.JPG,0.01753217726945877
497maize_train_healthy.JPG,0.01753217726945877
161maize_train_healthy.JPG,0.01584744080901146
205maize_train_healthy.JPG,0.015836361795663834
223maize_train_healthy.JPG,0.015288754366338253
812maize_train_healthy.JPG,0.015276798978447914
799maize_train_healthy.JPG,0.015198425389826298
163maize_train_healthy.JPG,0.015174933709204197
189maize_train_healthy.JPG,0.015126220881938934
293maize_train_healthy.JPG,0.01488352008163929
473maize_train_healthy.JPG,0.0147870983928442
649maize_train_healthy.JPG,0.01470170821994543
489maize_train_healthy.JPG,0.014621691778302193
153maize_valid_healthy.JPG,0.014621691778302193
201maize_train_healthy.JPG,0.014011608436703682
55maize_valid_healthy.JPG,0.014011608436703682
764maize_train_healthy.JPG,0.012908194214105606
94maize_train_healthy.JPG,0.012867509387433529
198maize_train_healthy.JPG,0.012851588428020477
11maize_train_healthy.JPG,0.012810703366994858
99maize_valid_healthy.JPG,0.012499592266976833
728maize_train_healthy.JPG,0.012444313615560532
515maize_train_healthy.JPG,0.012387221679091454
776maize_train_healthy.JPG,0.012157673016190529
63maize_train_healthy.JPG,0.01181346271187067
91maize_valid_healthy.JPG,0.011664256453514099
205maize_valid_healthy.JPG,0.011579912155866623
81maize_train_healthy.JPG,0.01118403859436512
131maize_valid_healthy.JPG,0.011143101379275322
397maize_train_healthy.JPG,0.01110462099313736
210maize_valid_healthy.JPG,0.011023778468370438
151maize_valid_healthy.JPG,0.010993867181241512
211maize_train_healthy.JPG,0.010768767446279526
810maize_train_healthy.JPG,0.010666891001164913
150maize_valid_healthy.JPG,0.010560872033238411
729maize_train_healthy.JPG,0.010529432445764542
519maize_train_healthy.JPG,0.010431240312755108
101maize_train_healthy.JPG,0.010407928377389908
469maize_train_healthy.JPG,0.01007463876157999
147maize_valid_healthy.JPG,0.01007463876157999
106maize_train_healthy.JPG,0.009309669956564903
638maize_train_healthy.JPG,0.00913612637668848
153maize_train_healthy.JPG,0.008974310010671616
23maize_valid_healthy.JPG,0.008584348484873772
121maize_train_healthy.JPG,0.008118808269500732
33maize_valid_healthy.JPG,0.008118808269500732
510maize_train_healthy.JPG,0.008036539889872074
43maize_valid_healthy.JPG,0.007960386574268341
157maize_train_healthy.JPG,0.007960386574268341
14maize_train_healthy.JPG,0.007250828202813864
783maize_train_healthy.JPG,0.0072201625443995
95maize_train_healthy.JPG,0.0071953171864151955
204maize_train_healthy.JPG,0.0071901679039001465
65maize_train_healthy.JPG,0.007005899213254452
807maize_train_healthy.JPG,0.006892066448926926
718maize_train_healthy.JPG,0.006824218202382326
471maize_train_healthy.JPG,0.006823998410254717
197maize_train_healthy.JPG,0.006815335713326931
199maize_train_healthy.JPG,0.006813481915742159
651maize_train_healthy.JPG,0.0066704959608614445
759maize_train_healthy.JPG,0.006655699107795954
571maize_train_healthy.JPG,0.006573918275535107
741maize_train_healthy.JPG,0.0064530340023338795
514maize_train_healthy.JPG,0.006406131200492382
67maize_valid_healthy.JPG,0.0063872248865664005
245maize_train_healthy.JPG,0.0063872248865664005
101maize_valid_healthy.JPG,0.00630703940987587
353maize_train_healthy.JPG,0.00630703940987587
358maize_train_healthy.JPG,0.0062643541023135185
29maize_valid_healthy.JPG,0.00611793901771307
105maize_train_healthy.JPG,0.00611793901771307
505maize_train_healthy.JPG,0.00604022853076458
157maize_valid_healthy.JPG,0.00604022853076458
583maize_train_healthy.JPG,0.005994835868477821
724maize_train_healthy.JPG,0.005965738091617823
54maize_valid_healthy.JPG,0.005953697487711906
200maize_train_healthy.JPG,0.005953697487711906
743maize_train_healthy.JPG,0.005852438509464264
499maize_train_healthy.JPG,0.005802593659609556
722maize_train_healthy.JPG,0.005654879845678806
309maize_train_healthy.JPG,0.00562459509819746
800maize_train_healthy.JPG,0.005526448134332895
167maize_train_healthy.JPG,0.005524718668311834
491maize_train_healthy.JPG,0.005462686065584421
478maize_train_healthy.JPG,0.005453568417578936
159maize_valid_healthy.JPG,0.005402021110057831
513maize_train_healthy.JPG,0.005402021110057831
517maize_train_healthy.JPG,0.00532463937997818
114maize_train_healthy.JPG,0.0052832551300525665
466maize_train_healthy.JPG,0.005065547302365303
569maize_train_healthy.JPG,0.004955823067575693
17maize_valid_healthy.JPG,0.004941216669976711
61maize_train_healthy.JPG,0.004941216669976711
190maize_train_healthy.JPG,0.0049210358411073685
447maize_train_healthy.JPG,0.004837398882955313
129maize_valid_healthy.JPG,0.00475679337978363
409maize_train_healthy.JPG,0.00475679337978363
712maize_train_healthy.JPG,0.004735357128083706
437maize_train_healthy.JPG,0.004678672179579735
570maize_train_healthy.JPG,0.004364646039903164
9maize_train_healthy.JPG,0.0041386960074305534
3maize_valid_healthy.JPG,0.0041386960074305534
775maize_train_healthy.JPG,0.004138219635933638
778maize_train_healthy.JPG,0.00407711137086153
71maize_train_healthy.JPG,0.004046682268381119
59maize_train_healthy.JPG,0.003993167541921139
467maize_train_healthy.JPG,0.003982489928603172
717maize_train_healthy.JPG,0.003941630944609642
284maize_train_healthy.JPG,0.003871793393045664
692maize_train_healthy.JPG,0.0038303546607494354
359maize_train_healthy.JPG,0.0037995977327227592
633maize_train_healthy.JPG,0.0037802550941705704
185maize_train_healthy.JPG,0.0036550310906022787
51maize_valid_healthy.JPG,0.0036550310906022787
547maize_train_healthy.JPG,0.0035252999514341354
781maize_train_healthy.JPG,0.003518718294799328
553maize_train_healthy.JPG,0.0034454097039997578
735maize_train_healthy.JPG,0.0034200185909867287
93maize_valid_healthy.JPG,0.003407342592254281
337maize_train_healthy.JPG,0.003407342592254281
650maize_train_healthy.JPG,0.0033873948268592358
83maize_train_healthy.JPG,0.0033796958159655333
682maize_train_healthy.JPG,0.003083818592131138
315maize_train_healthy.JPG,0.0030708899721503258
582maize_train_healthy.JPG,0.0030406485311686993
389maize_train_healthy.JPG,0.003018055111169815
119maize_valid_healthy.JPG,0.003018055111169815
54maize_train_healthy.JPG,0.0030111996456980705
82maize_train_healthy.JPG,0.0029699434526264668
237maize_train_healthy.JPG,0.002917780075222254
65maize_valid_healthy.JPG,0.002917780075222254
166maize_train_healthy.JPG,0.002908107591792941
518maize_train_healthy.JPG,0.0029038807842880487
259maize_train_healthy.JPG,0.0028666574507951736
821maize_train_healthy.JPG,0.0028359340503811836
453maize_train_healthy.JPG,0.002666527172550559
143maize_valid_healthy.JPG,0.002666527172550559
401maize_train_healthy.JPG,0.002602661494165659
125maize_valid_healthy.JPG,0.002602661494165659
613maize_train_healthy.JPG,0.0025380526203662157
91maize_train_healthy.JPG,0.0025126237887889147
782maize_train_healthy.JPG,0.002503475407138467
97maize_valid_healthy.JPG,0.0025033357087522745
345maize_train_healthy.JPG,0.0025033357087522745
770maize_train_healthy.JPG,0.0024935451801866293
35maize_train_healthy.JPG,0.002465269761160016
267maize_train_healthy.JPG,0.0024535469710826874
822maize_train_healthy.JPG,0.002452164189890027
529maize_train_healthy.JPG,0.002450374886393547
163maize_valid_healthy.JPG,0.002450374886393547
664maize_train_healthy.JPG,0.002446525264531374
355maize_train_healthy.JPG,0.002440178766846657
814maize_train_healthy.JPG,0.0023652357049286366
545maize_train_healthy.JPG,0.0023408117704093456
5maize_valid_healthy.JPG,0.0023378643672913313
17maize_train_healthy.JPG,0.0023378643672913313
257maize_train_healthy.JPG,0.0023375118616968393
231maize_train_healthy.JPG,0.0023360992781817913
750maize_train_healthy.JPG,0.0022918125614523888
611maize_train_healthy.JPG,0.002277996391057968
354maize_train_healthy.JPG,0.002252897247672081
266maize_train_healthy.JPG,0.0021524177864193916
241maize_train_healthy.JPG,0.0020685819908976555
654maize_train_healthy.JPG,0.001989673124626279
89maize_train_healthy.JPG,0.0019494681619107723
25maize_valid_healthy.JPG,0.0019494681619107723
154maize_train_healthy.JPG,0.0019415009301155806
795maize_train_healthy.JPG,0.0019051491981372237
805maize_train_healthy.JPG,0.0018979611340910196
191maize_train_healthy.JPG,0.0018806938314810395
454maize_train_healthy.JPG,0.0018784329295158386
617maize_train_healthy.JPG,0.0018563969060778618
187maize_valid_healthy.JPG,0.0018563969060778618
147maize_train_healthy.JPG,0.0018511539092287421
455maize_train_healthy.JPG,0.0018442911095917225
33maize_train_healthy.JPG,0.0018413434736430645
9maize_valid_healthy.JPG,0.0018413434736430645
41maize_valid_healthy.JPG,0.0017820658395066857
149maize_train_healthy.JPG,0.0017820658395066857
714maize_train_healthy.JPG,0.0017552366480231285
127maize_valid_healthy.JPG,0.0017459796508774161
62maize_train_healthy.JPG,0.0017224648036062717
74maize_train_healthy.JPG,0.00169882841873914
655maize_train_healthy.JPG,0.0016426789807155728
493maize_train_healthy.JPG,0.0016307984478771687
222maize_train_healthy.JPG,0.0015891969669610262
402maize_train_healthy.JPG,0.0015861117281019688
103maize_train_healthy.JPG,0.0015819779364392161
760maize_train_healthy.JPG,0.0015525411581620574
723maize_train_healthy.JPG,0.0015366132138296962
785maize_train_healthy.JPG,0.0015340587124228477
55maize_train_healthy.JPG,0.001533392583951354
495maize_train_healthy.JPG,0.0015325185377150774
774maize_train_healthy.JPG,0.0015310789458453655
119maize_train_healthy.JPG,0.0015173729043453932
31maize_train_healthy.JPG,0.0015147349331527948
145maize_valid_healthy.JPG,0.0015057886485010386
461maize_train_healthy.JPG,0.0015057886485010386
769maize_train_healthy.JPG,0.0014975453959777951
587maize_train_healthy.JPG,0.0014928288292139769
465maize_train_healthy.JPG,0.0014855661429464817
744maize_train_healthy.JPG,0.001479808590374887
73maize_train_healthy.JPG,0.001467862050049007
265maize_train_healthy.JPG,0.001455563586205244
789maize_train_healthy.JPG,0.0014413355384021997
777maize_train_healthy.JPG,0.0014285675715655088
67maize_train_healthy.JPG,0.0014126640744507313
373maize_train_healthy.JPG,0.001398411113768816
111maize_valid_healthy.JPG,0.001398411113768816
602maize_train_healthy.JPG,0.0013632508926093578
47maize_train_healthy.JPG,0.0013098565395921469
772maize_train_healthy.JPG,0.0012977656442672014
186maize_train_healthy.JPG,0.00129629485309124
755maize_train_healthy.JPG,0.0012686321279034019
200maize_valid_healthy.JPG,0.001266041537746787
635maize_train_healthy.JPG,0.001252976362593472
443maize_train_healthy.JPG,0.0012458825949579477
109maize_valid_healthy.JPG,0.0012399312108755112
399maize_train_healthy.JPG,0.001233042567037046
666maize_train_healthy.JPG,0.0012186156818643212
207maize_valid_healthy.JPG,0.0012152321869507432
37maize_train_healthy.JPG,0.0012109106173738837
725maize_train_healthy.JPG,0.0011942357523366809
503maize_train_healthy.JPG,0.0011857893550768495
183maize_valid_healthy.JPG,0.0011793117737397552
601maize_train_healthy.JPG,0.0011793117737397552
665maize_train_healthy.JPG,0.001173933851532638
230maize_train_healthy.JPG,0.0011684548808261752
98maize_train_healthy.JPG,0.001159220701083541
90maize_valid_healthy.JPG,0.0011520551051944494
49maize_train_healthy.JPG,0.00113762472756207
625maize_train_healthy.JPG,0.001121237175539136
494maize_train_healthy.JPG,0.001116327941417694
313maize_train_healthy.JPG,0.001097832340747118
81maize_valid_healthy.JPG,0.001097832340747118
79maize_train_healthy.JPG,0.0010955625912174582
507maize_train_healthy.JPG,0.0010900009656324983
780maize_train_healthy.JPG,0.0010888355318456888
726maize_train_healthy.JPG,0.001081396359950304
85maize_train_healthy.JPG,0.0010811039246618748
145maize_train_healthy.JPG,0.0010783784091472626
561maize_train_healthy.JPG,0.0010693680960685015
221maize_train_healthy.JPG,0.0010626560542732477
61maize_valid_healthy.JPG,0.0010626560542732477
765maize_train_healthy.JPG,0.0010592269245535135
15maize_train_healthy.JPG,0.0010383721673861146
590maize_train_healthy.JPG,0.001013930537737906
562maize_train_healthy.JPG,0.0010073749581351876
546maize_train_healthy.JPG,0.0010038231266662478
90maize_train_healthy.JPG,0.0009719509398564696
797maize_train_healthy.JPG,0.0009288423461839557
155maize_train_healthy.JPG,0.0009263033862225711
347maize_train_healthy.JPG,0.0008830898441374302
46maize_valid_healthy.JPG,0.000878914084751159
115maize_train_healthy.JPG,0.0008714551804587245
690maize_train_healthy.JPG,0.0008647860959172249
788maize_train_healthy.JPG,0.0008529420010745525
702maize_train_healthy.JPG,0.0008471393375657499
269maize_train_healthy.JPG,0.0008444244158454239
403maize_train_healthy.JPG,0.000837461557239294
367maize_train_healthy.JPG,0.0008338708430528641
694maize_train_healthy.JPG,0.0008209401275962591
442maize_train_healthy.JPG,0.0008170818327926099
329maize_train_healthy.JPG,0.0008095020893961191
89maize_valid_healthy.JPG,0.0008095020893961191
297maize_train_healthy.JPG,0.0007841027691029012
73maize_valid_healthy.JPG,0.0007841027691029012
58maize_train_healthy.JPG,0.0007832745322957635
346maize_train_healthy.JPG,0.0007519717328250408
93maize_train_healthy.JPG,0.0007489864947274327
22maize_valid_healthy.JPG,0.0007392109837383032
47maize_valid_healthy.JPG,0.0007251959177665412
273maize_train_healthy.JPG,0.0007217857055366039
641maize_train_healthy.JPG,0.0007022650679573417
554maize_train_healthy.JPG,0.0006781480042263865
784maize_train_healthy.JPG,0.00067418027902022
99maize_train_healthy.JPG,0.0006720636738464236
627maize_train_healthy.JPG,0.0006714118062518537
31maize_valid_healthy.JPG,0.0006677752826362848
113maize_train_healthy.JPG,0.0006677752826362848
753maize_train_healthy.JPG,0.000657447730191052
102maize_train_healthy.JPG,0.000643095700070262
21maize_valid_healthy.JPG,0.0006365370936691761
77maize_train_healthy.JPG,0.0006365370936691761
125maize_train_healthy.JPG,0.0006263339309953153
22maize_train_healthy.JPG,0.0006241522496566176
165maize_train_healthy.JPG,0.0006231106817722321
45maize_valid_healthy.JPG,0.0006231106817722321
695maize_train_healthy.JPG,0.0006130188703536987
333maize_train_healthy.JPG,0.0006085068453103304
371maize_train_healthy.JPG,0.0006055001867935061
445maize_train_healthy.JPG,0.0005979047273285687
141maize_valid_healthy.JPG,0.0005979047273285687
444maize_train_healthy.JPG,0.0005940761184319854
140maize_valid_healthy.JPG,0.0005940761184319854
824maize_train_healthy.JPG,0.000590929645113647
275maize_train_healthy.JPG,0.0005855454364791512
565maize_train_healthy.JPG,0.0005808777641505003
173maize_valid_healthy.JPG,0.0005808777641505003
34maize_train_healthy.JPG,0.0005511518684215844
645maize_train_healthy.JPG,0.0005427752039395273
195maize_valid_healthy.JPG,0.0005427752039395273
482maize_train_healthy.JPG,0.0005411396850831807
823maize_train_healthy.JPG,0.0005371923907659948
609maize_train_healthy.JPG,0.0005360771901905537
185maize_valid_healthy.JPG,0.0005360771901905537
271maize_train_healthy.JPG,0.0005357486079446971
369maize_train_healthy.JPG,0.0005325119127519429
314maize_train_healthy.JPG,0.0005196942947804928
711maize_train_healthy.JPG,0.0005155396065674722
591maize_train_healthy.JPG,0.0005146462935954332
793maize_train_healthy.JPG,0.000513038074132055
745maize_train_healthy.JPG,0.0005117850378155708
618maize_train_healthy.JPG,0.0005067039746791124
688maize_train_healthy.JPG,0.0005062881973572075
339maize_train_healthy.JPG,0.000506120384670794
139maize_train_healthy.JPG,0.0005015282076783478
521maize_train_healthy.JPG,0.0004978451179340482
161maize_valid_healthy.JPG,0.0004978451179340482
439maize_train_healthy.JPG,0.000486351695144549
298maize_train_healthy.JPG,0.00048304308438673615
362maize_train_healthy.JPG,0.0004769175429828465
13maize_train_healthy.JPG,0.00045528009650297463
10maize_train_healthy.JPG,0.00045314524322748184
804maize_train_healthy.JPG,0.0004483918019104749
370maize_train_healthy.JPG,0.00044522515963763
187maize_train_healthy.JPG,0.0004439139738678932
398maize_train_healthy.JPG,0.00044005928793922067
363maize_train_healthy.JPG,0.0004349208902567625
663maize_train_healthy.JPG,0.0004236209497321397
693maize_train_healthy.JPG,0.0004180537071079016
434maize_train_healthy.JPG,0.000416544615291059
21maize_train_healthy.JPG,0.00041432789294049144
671maize_train_healthy.JPG,0.0004065272805746645
341maize_train_healthy.JPG,0.00040297064697369933
29maize_train_healthy.JPG,0.00039162280154414475
70maize_train_healthy.JPG,0.0003879961441271007
263maize_train_healthy.JPG,0.00038620419218204916
189maize_valid_healthy.JPG,0.000383949838578701
621maize_train_healthy.JPG,0.000383949838578701
581maize_train_healthy.JPG,0.0003835232346318662
573maize_train_healthy.JPG,0.00038261388544924557
23maize_train_healthy.JPG,0.0003820662386715412
677maize_train_healthy.JPG,0.0003813831426668912
239maize_train_healthy.JPG,0.00038072187453508377
594maize_train_healthy.JPG,0.00037068402161821723
767maize_train_healthy.JPG,0.00036693509900942445
289maize_train_healthy.JPG,0.00036574865225702524
173maize_train_healthy.JPG,0.0003647056291811168
816maize_train_healthy.JPG,0.000363634288078174
459maize_train_healthy.JPG,0.0003632248262874782
421maize_train_healthy.JPG,0.00035167968599125743
715maize_train_healthy.JPG,0.0003498651785776019
678maize_train_healthy.JPG,0.00034963234793394804
46maize_train_healthy.JPG,0.00034734769724309444
299maize_train_healthy.JPG,0.0003456904669292271
238maize_train_healthy.JPG,0.0003397282271180302
433maize_train_healthy.JPG,0.00033454346703365445
137maize_valid_healthy.JPG,0.00033454346703365445
179maize_valid_healthy.JPG,0.0003320251707918942
585maize_train_healthy.JPG,0.0003320251707918942
431maize_train_healthy.JPG,0.0003251490124966949
766maize_train_healthy.JPG,0.0003239450743421912
410maize_train_healthy.JPG,0.0003231929731555283
786maize_train_healthy.JPG,0.0003228214045520872
343maize_train_healthy.JPG,0.0003210394352208823
19maize_train_healthy.JPG,0.00032068375730887055
107maize_train_healthy.JPG,0.0003196069737896323
179maize_train_healthy.JPG,0.00031827003112994134
709maize_train_healthy.JPG,0.00031814194517210126
751maize_train_healthy.JPG,0.0003149918920826167
689maize_train_healthy.JPG,0.0003133805585093796
615maize_train_healthy.JPG,0.00031041697366163135
512maize_train_healthy.JPG,0.00030910884379409254
158maize_valid_healthy.JPG,0.00030910884379409254
802maize_train_healthy.JPG,0.00030641257762908936
637maize_train_healthy.JPG,0.00029238875140435994
193maize_valid_healthy.JPG,0.00029238875140435994
118maize_train_healthy.JPG,0.00029020383954048157
2maize_train_healthy.JPG,0.0002875367063097656
103maize_valid_healthy.JPG,0.00028048385865986347
357maize_train_healthy.JPG,0.00028048385865986347
361maize_train_healthy.JPG,0.0002801925002131611
229maize_train_healthy.JPG,0.00027990207308903337
63maize_valid_healthy.JPG,0.00027990207308903337
18maize_train_healthy.JPG,0.00027900049462914467
716maize_train_healthy.JPG,0.00027813157066702843
53maize_valid_healthy.JPG,0.0002766753314062953
193maize_train_healthy.JPG,0.0002766753314062953
629maize_train_healthy.JPG,0.00027618437889032066
191maize_valid_healthy.JPG,0.00027618437889032066
195maize_train_healthy.JPG,0.00027251450228504837
806maize_train_healthy.JPG,0.0002698754833545536
87maize_valid_healthy.JPG,0.0002639337326399982
463maize_train_healthy.JPG,0.00026383099611848593
498maize_train_healthy.JPG,0.0002632701944094151
675maize_train_healthy.JPG,0.0002510716440156102
175maize_train_healthy.JPG,0.0002509609330445528
247maize_train_healthy.JPG,0.00024149887030944228
762maize_train_healthy.JPG,0.0002403452672297135
818maize_train_healthy.JPG,0.00023932722979225218
509maize_train_healthy.JPG,0.00023680202139075845
277maize_train_healthy.JPG,0.00023649951617699116
3maize_train_healthy.JPG,0.00023447489365935326
589maize_train_healthy.JPG,0.0002317093894816935
449maize_train_healthy.JPG,0.00022417042055167258
133maize_train_healthy.JPG,0.00022364515461958945
37maize_valid_healthy.JPG,0.00022364515461958945
485maize_train_healthy.JPG,0.00021768771694041789
302maize_train_healthy.JPG,0.00021592881239484996
141maize_train_healthy.JPG,0.00021478251437656581
39maize_valid_healthy.JPG,0.00021478251437656581
623maize_train_healthy.JPG,0.00021187133097555488
109maize_train_healthy.JPG,0.00021094777912367135
366maize_train_healthy.JPG,0.00020977282838430256
458maize_train_healthy.JPG,0.00020894961198791862
752maize_train_healthy.JPG,0.00020886497804895043
217maize_train_healthy.JPG,0.00020570500055328012
59maize_valid_healthy.JPG,0.00020570500055328012
282maize_train_healthy.JPG,0.00020411393779795617
130maize_valid_healthy.JPG,0.00019927411631215364
98maize_valid_healthy.JPG,0.0001971610327018425
66maize_train_healthy.JPG,0.00019655903452076018
327maize_train_healthy.JPG,0.00019097224867437035
685maize_train_healthy.JPG,0.00018963220645673573
506maize_train_healthy.JPG,0.0001879537448985502
338maize_train_healthy.JPG,0.000186451812624
7maize_valid_healthy.JPG,0.00018424539302941412
25maize_train_healthy.JPG,0.00018424539302941412
703maize_train_healthy.JPG,0.00018400655244477093
508maize_train_healthy.JPG,0.00018145039211958647
737maize_train_healthy.JPG,0.00018050290236715227
555maize_train_healthy.JPG,0.00017922026745509356
407maize_train_healthy.JPG,0.00017909292364493012
423maize_train_healthy.JPG,0.00017832746380008757
746maize_train_healthy.JPG,0.00017502307309769094
707maize_train_healthy.JPG,0.00017445351113565266
595maize_train_healthy.JPG,0.00017316511366516352
391maize_train_healthy.JPG,0.00017312441195826977
226maize_train_healthy.JPG,0.00017104356084018946
700maize_train_healthy.JPG,0.00017022456449922174
538maize_train_healthy.JPG,0.00016824100748635828
303maize_train_healthy.JPG,0.00016610688180662692
30maize_train_healthy.JPG,0.0001657312677707523
679maize_train_healthy.JPG,0.0001634843210922554
94maize_valid_healthy.JPG,0.00015670493303332478
246maize_train_healthy.JPG,0.00015661887300666422
301maize_train_healthy.JPG,0.0001533186441520229
6maize_train_healthy.JPG,0.0001512858143541962
673maize_train_healthy.JPG,0.00015070431982167065
87maize_train_healthy.JPG,0.00014852176536805928
634maize_train_healthy.JPG,0.00014447707508224994
365maize_train_healthy.JPG,0.00014400703366845846
107maize_valid_healthy.JPG,0.00014400703366845846
523maize_train_healthy.JPG,0.00014157823170535266
123maize_train_healthy.JPG,0.0001404883514624089
204maize_valid_healthy.JPG,0.00013801601016893983
748maize_train_healthy.JPG,0.0001375105930492282
165maize_valid_healthy.JPG,0.00013711403880733997
533maize_train_healthy.JPG,0.00013711403880733997
730maize_train_healthy.JPG,0.0001354823907604441
701maize_train_healthy.JPG,0.00013243228022474796
395maize_train_healthy.JPG,0.0001314213586738333
71maize_valid_healthy.JPG,0.00013001277693547308
754maize_train_healthy.JPG,0.00012879328278359026
603maize_train_healthy.JPG,0.00012838575639761984
425maize_train_healthy.JPG,0.00012727816647384316
135maize_valid_healthy.JPG,0.00012727816647384316
790maize_train_healthy.JPG,0.000125029037008062
386maize_train_healthy.JPG,0.0001237971446244046
631maize_train_healthy.JPG,0.00012143014464527369
441maize_train_healthy.JPG,0.00011971699132118374
139maize_valid_healthy.JPG,0.00011971699132118374
225maize_train_healthy.JPG,0.00011729876860044897
117maize_valid_healthy.JPG,0.00011726419324986637
662maize_train_healthy.JPG,0.00011664189514704049
202maize_valid_healthy.JPG,0.00011639534204732627
115maize_valid_healthy.JPG,0.00011402410746086389
381maize_train_healthy.JPG,0.00011402410746086389
422maize_train_healthy.JPG,0.00011261831969022751
38maize_train_healthy.JPG,0.00010997556819347665
108maize_valid_healthy.JPG,0.00010979495709761977
319maize_train_healthy.JPG,0.0001097370040952228
516maize_train_healthy.JPG,0.00010907733667409047
683maize_train_healthy.JPG,0.00010886195377679542
406maize_train_healthy.JPG,0.0001087100972654298
181maize_valid_healthy.JPG,0.0001085880576283671
593maize_train_healthy.JPG,0.0001085880576283671
208maize_train_healthy.JPG,0.00010732942610047758
56maize_valid_healthy.JPG,0.00010732942610047758
429maize_train_healthy.JPG,0.00010720979480538517
254maize_train_healthy.JPG,0.00010263438161928207
474maize_train_healthy.JPG,0.00010092472075484693
274maize_train_healthy.JPG,0.00010085382382385433
719maize_train_healthy.JPG,0.00010030273551819846
382maize_train_healthy.JPG,0.00010024478251580149
122maize_train_healthy.JPG,0.0001000625197775662
475maize_train_healthy.JPG,9.992742707254365e-05
234maize_train_healthy.JPG,9.665294783189893e-05
121maize_valid_healthy.JPG,9.665288962423801e-05
194maize_train_healthy.JPG,9.526419307803735e-05
116maize_valid_healthy.JPG,9.463135938858613e-05
605maize_train_healthy.JPG,9.457392297917977e-05
206maize_valid_healthy.JPG,9.375129593536258e-05
42maize_train_healthy.JPG,9.236198093276471e-05
672maize_train_healthy.JPG,9.107957885134965e-05
43maize_train_healthy.JPG,9.10059898160398e-05
586maize_train_healthy.JPG,9.040284930961207e-05
146maize_train_healthy.JPG,8.957774844020605e-05
5maize_train_healthy.JPG,8.879847882781178e-05
270maize_train_healthy.JPG,8.873856131685898e-05
610maize_train_healthy.JPG,8.733976574148983e-05
646maize_train_healthy.JPG,8.652501128381118e-05
575maize_train_healthy.JPG,8.606742630945519e-05
411maize_train_healthy.JPG,8.566123142372817e-05
614maize_train_healthy.JPG,8.558105037081987e-05
643maize_train_healthy.JPG,8.554160012863576e-05
739maize_train_healthy.JPG,8.497143426211551e-05
669maize_train_healthy.JPG,8.435573545284569e-05
393maize_train_healthy.JPG,8.432713366346434e-05
385maize_train_healthy.JPG,8.410663576796651e-05
97maize_train_healthy.JPG,8.396804332733154e-05
27maize_valid_healthy.JPG,8.396804332733154e-05
653maize_train_healthy.JPG,8.383106614928693e-05
197maize_valid_healthy.JPG,8.383106614928693e-05
563maize_train_healthy.JPG,8.312576392199844e-05
757maize_train_healthy.JPG,8.274393621832132e-05
233maize_train_healthy.JPG,8.165455801645294e-05
522maize_train_healthy.JPG,8.148146298481151e-05
698maize_train_healthy.JPG,8.118750702124089e-05
383maize_train_healthy.JPG,8.083687862381339e-05
227maize_train_healthy.JPG,8.010196324903518e-05
704maize_train_healthy.JPG,7.830759568605572e-05
661maize_train_healthy.JPG,7.803025800967589e-05
813maize_train_healthy.JPG,7.789623487042263e-05
335maize_train_healthy.JPG,7.737806299701333e-05
430maize_train_healthy.JPG,7.719421410001814e-05
787maize_train_healthy.JPG,7.713941158726811e-05
440maize_train_healthy.JPG,7.646859739907086e-05
138maize_valid_healthy.JPG,7.646859739907086e-05
133maize_valid_healthy.JPG,7.593975169584155e-05
417maize_train_healthy.JPG,7.593975169584155e-05
502maize_train_healthy.JPG,7.588668813696131e-05
462maize_train_healthy.JPG,7.54919892642647e-05
374maize_train_healthy.JPG,7.50513281673193e-05
111maize_train_healthy.JPG,7.457139145117253e-05
687maize_train_healthy.JPG,7.456635648850352e-05
306maize_train_healthy.JPG,7.11374741513282e-05
291maize_train_healthy.JPG,7.035704038571566e-05
828maize_train_healthy.JPG,6.898540596012026e-05
11maize_valid_healthy.JPG,6.88057771185413e-05
41maize_train_healthy.JPG,6.88057771185413e-05
181maize_train_healthy.JPG,6.874333485029638e-05
606maize_train_healthy.JPG,6.633962038904428e-05
574maize_train_healthy.JPG,6.596231833100319e-05
647maize_train_healthy.JPG,6.537784065585583e-05
626maize_train_healthy.JPG,6.509581726277247e-05
450maize_train_healthy.JPG,6.46576372673735e-05
758maize_train_healthy.JPG,6.439215940190479e-05
350maize_train_healthy.JPG,6.258637586142868e-05
710maize_train_healthy.JPG,6.162125646369532e-05
696maize_train_healthy.JPG,6.15300377830863e-05
78maize_train_healthy.JPG,6.075364944990724e-05
212maize_train_healthy.JPG,6.012693120283075e-05
667maize_train_healthy.JPG,5.9942536609014496e-05
435maize_train_healthy.JPG,5.9891299315495417e-05
1maize_valid_healthy.JPG,5.934446016908623e-05
1maize_train_healthy.JPG,5.934446016908623e-05
487maize_train_healthy.JPG,5.911574044148438e-05
143maize_train_healthy.JPG,5.904832505621016e-05
375maize_train_healthy.JPG,5.818598947371356e-05
413maize_train_healthy.JPG,5.810627044411376e-05
794maize_train_healthy.JPG,5.6895041780080646e-05
95maize_valid_healthy.JPG,5.65935333725065e-05
278maize_train_healthy.JPG,5.62798923056107e-05
820maize_train_healthy.JPG,5.627444261335768e-05
255maize_train_healthy.JPG,5.5701097153360024e-05
768maize_train_healthy.JPG,5.56485028937459e-05
826maize_train_healthy.JPG,5.538845289265737e-05
27maize_train_healthy.JPG,5.4980813729343936e-05
524maize_train_healthy.JPG,5.433672049548477e-05
177maize_valid_healthy.JPG,5.423960828920826e-05
577maize_train_healthy.JPG,5.423960828920826e-05
457maize_train_healthy.JPG,5.3151736210566014e-05
281maize_train_healthy.JPG,5.252280971035361e-05
75maize_train_healthy.JPG,5.214813063503243e-05
779maize_train_healthy.JPG,5.0879174523288384e-05
749maize_train_healthy.JPG,5.021807010052726e-05
283maize_train_healthy.JPG,5.0133498007198796e-05
607maize_train_healthy.JPG,4.9505069910082966e-05
427maize_train_healthy.JPG,4.940446524415165e-05
708maize_train_healthy.JPG,4.833086859434843e-05
311maize_train_healthy.JPG,4.7382392949657515e-05
535maize_train_healthy.JPG,4.726656334241852e-05
681maize_train_healthy.JPG,4.7232209908543155e-05
771maize_train_healthy.JPG,4.579762025969103e-05
674maize_train_healthy.JPG,4.575647471938282e-05
131maize_train_healthy.JPG,4.510735743679106e-05
69maize_train_healthy.JPG,4.4898042688146234e-05
19maize_valid_healthy.JPG,4.4898042688146234e-05
250maize_train_healthy.JPG,4.483286465983838e-05
138maize_train_healthy.JPG,4.469133637030609e-05
122maize_valid_healthy.JPG,4.4189178879605606e-05
732maize_train_healthy.JPG,4.39167270087637e-05
174maize_train_healthy.JPG,4.2835832573473454e-05
310maize_train_healthy.JPG,4.2721309000626206e-05
39maize_train_healthy.JPG,4.2242667404934764e-05
579maize_train_healthy.JPG,4.1578514355933294e-05
85maize_valid_healthy.JPG,4.048829578096047e-05
321maize_train_healthy.JPG,4.048829578096047e-05
742maize_train_healthy.JPG,4.0332204662263393e-05
262maize_train_healthy.JPG,3.997580279246904e-05
169maize_train_healthy.JPG,3.920771996490657e-05
378maize_train_healthy.JPG,3.8737791328458115e-05
326maize_train_healthy.JPG,3.8719554140698165e-05
325maize_train_healthy.JPG,3.840847057290375e-05
619maize_train_healthy.JPG,3.831948561128229e-05
209maize_valid_healthy.JPG,3.7756897654617205e-05
218maize_train_healthy.JPG,3.763097265618853e-05
279maize_train_healthy.JPG,3.75245108443778e-05
825maize_train_healthy.JPG,3.7420293665491045e-05
670maize_train_healthy.JPG,3.738838495337404e-05
137maize_train_healthy.JPG,3.653709063655697e-05
657maize_train_healthy.JPG,3.529652894940227e-05
167maize_valid_healthy.JPG,3.488337097223848e-05
541maize_train_healthy.JPG,3.488337097223848e-05
135maize_train_healthy.JPG,3.468504291959107e-05
77maize_valid_healthy.JPG,3.3974323741858825e-05
305maize_train_healthy.JPG,3.3974323741858825e-05
792maize_train_healthy.JPG,3.228880086680874e-05
258maize_train_healthy.JPG,3.21898223774042e-05
551maize_train_healthy.JPG,3.116179505013861e-05
379maize_train_healthy.JPG,3.07930531562306e-05
405maize_train_healthy.JPG,3.0291326766018756e-05
697maize_train_healthy.JPG,3.0205299481167458e-05
387maize_train_healthy.JPG,2.9794966394547373e-05
699maize_train_healthy.JPG,2.9441302103805356e-05
736maize_train_healthy.JPG,2.942036371678114e-05
126maize_valid_healthy.JPG,2.9144717700546607e-05
801maize_train_healthy.JPG,2.840779416146688e-05
171maize_train_healthy.JPG,2.8297938115429133e-05
559maize_train_healthy.JPG,2.7563190087676048e-05
676maize_train_healthy.JPG,2.7539143047761172e-05
219maize_train_healthy.JPG,2.7517295166035183e-05
819maize_train_healthy.JPG,2.7087513444712386e-05
451maize_train_healthy.JPG,2.6877127311308868e-05
713maize_train_healthy.JPG,2.6541911211097613e-05
251maize_train_healthy.JPG,2.6238216378260404e-05
738maize_train_healthy.JPG,2.604673136374913e-05
642maize_train_healthy.JPG,2.5972489311243407e-05
763maize_train_healthy.JPG,2.5757704861462116e-05
630maize_train_healthy.JPG,2.5595480110496283e-05
69maize_valid_healthy.JPG,2.5304934752057306e-05
253maize_train_healthy.JPG,2.5304934752057306e-05
261maize_train_healthy.JPG,2.4871786081348546e-05
86maize_valid_healthy.JPG,2.4830798793118447e-05
142maize_train_healthy.JPG,2.4310620574397035e-05
110maize_train_healthy.JPG,2.416017377981916e-05
557maize_train_healthy.JPG,2.414011032669805e-05
171maize_valid_healthy.JPG,2.414011032669805e-05
567maize_train_healthy.JPG,2.386802589171566e-05
290maize_train_healthy.JPG,2.3726628569420427e-05
7maize_train_healthy.JPG,2.3293798221857287e-05
351maize_train_healthy.JPG,2.312624201294966e-05
691maize_train_healthy.JPG,2.259013126604259e-05
740maize_train_healthy.JPG,2.2099673515185714e-05
322maize_train_healthy.JPG,2.170174593629781e-05
543maize_train_healthy.JPG,2.1637348254444078e-05
120maize_valid_healthy.JPG,2.1276118786772713e-05
734maize_train_healthy.JPG,2.1198047761572525e-05
151maize_train_healthy.JPG,2.080564445350319e-05
796maize_train_healthy.JPG,2.0773328287759796e-05
377maize_train_healthy.JPG,2.0679302906501107e-05
183maize_train_healthy.JPG,2.0140520064160228e-05
235maize_train_healthy.JPG,2.0126160961808637e-05
317maize_train_healthy.JPG,1.99418245756533e-05
815maize_train_healthy.JPG,1.9591583622968756e-05
294maize_train_healthy.JPG,1.9343999156262726e-05
390maize_train_healthy.JPG,1.8608821847010404e-05
803maize_train_healthy.JPG,1.849763430072926e-05
307maize_train_healthy.JPG,1.73388107214123e-05
680maize_train_healthy.JPG,1.7238799046026543e-05
418maize_train_healthy.JPG,1.712626726657618e-05
123maize_valid_healthy.JPG,1.7010410374496132e-05
829maize_train_healthy.JPG,1.6883410353329964e-05
295maize_train_healthy.JPG,1.669736229814589e-05
566maize_train_healthy.JPG,1.6241712728515267e-05
558maize_train_healthy.JPG,1.6217945812968537e-05
348maize_train_healthy.JPG,1.5729838196421042e-05
32maize_train_healthy.JPG,1.559427437314298e-05
8maize_valid_healthy.JPG,1.559427437314298e-05
684maize_train_healthy.JPG,1.55308789544506e-05
791maize_train_healthy.JPG,1.4956983250158373e-05
549maize_train_healthy.JPG,1.4849276340100914e-05
169maize_valid_healthy.JPG,1.4849276340100914e-05
249maize_train_healthy.JPG,1.4755051779502537e-05
323maize_train_healthy.JPG,1.4683451809105463e-05
636maize_train_healthy.JPG,1.458972656109836e-05
192maize_valid_healthy.JPG,1.458972656109836e-05
127maize_train_healthy.JPG,1.4549899788107723e-05
126maize_train_healthy.JPG,1.4118630133452825e-05
318maize_train_healthy.JPG,1.4052401638764422e-05
539maize_train_healthy.JPG,1.3513808880816214e-05
706maize_train_healthy.JPG,1.3414637578534894e-05
733maize_train_healthy.JPG,1.3261864296509884e-05
598maize_train_healthy.JPG,1.3055981071374845e-05
349maize_train_healthy.JPG,1.3044461411482189e-05
26maize_train_healthy.JPG,1.3011653209105134e-05
175maize_valid_healthy.JPG,1.2929394870297983e-05
419maize_train_healthy.JPG,1.2877443623438012e-05
242maize_train_healthy.JPG,1.2414139746397268e-05
537maize_train_healthy.JPG,1.2031335245410446e-05
415maize_train_healthy.JPG,1.139049982157303e-05
8maize_train_healthy.JPG,1.1369607818778604e-05
2maize_valid_healthy.JPG,1.1369607818778604e-05
83maize_valid_healthy.JPG,1.134424383053556e-05
705maize_train_healthy.JPG,1.1315456504235044e-05
622maize_train_healthy.JPG,1.121162495110184e-05
152maize_valid_healthy.JPG,1.0836836736416444e-05
488maize_train_healthy.JPG,1.0836836736416444e-05
486maize_train_healthy.JPG,1.065897595253773e-05
414maize_train_healthy.JPG,1.043245447363006e-05
334maize_train_healthy.JPG,1.0193476555286907e-05
568maize_train_healthy.JPG,1.0028147698903922e-05
170maize_train_healthy.JPG,9.887113264994696e-06
92maize_train_healthy.JPG,9.763143680174835e-06
597maize_train_healthy.JPG,9.563748790242244e-06
342maize_train_healthy.JPG,9.470688382862136e-06
182maize_train_healthy.JPG,9.445342584513128e-06
134maize_train_healthy.JPG,9.003673767438158e-06
578maize_train_healthy.JPG,8.532553692930378e-06
817maize_train_healthy.JPG,8.033975973376073e-06
530maize_train_healthy.JPG,7.950662620714866e-06
198maize_valid_healthy.JPG,7.735590770607814e-06
243maize_train_healthy.JPG,7.716445907135494e-06
550maize_train_healthy.JPG,7.532721156167099e-06
78maize_valid_healthy.JPG,7.318810730794212e-06
14maize_valid_healthy.JPG,7.033062047412386e-06
52maize_train_healthy.JPG,7.033062047412386e-06
542maize_train_healthy.JPG,6.803264568588929e-06
82maize_valid_healthy.JPG,6.797326932428405e-06
178maize_train_healthy.JPG,6.71810857966193e-06
150maize_train_healthy.JPG,6.6525071815703996e-06
534maize_train_healthy.JPG,6.356914127536584e-06
79maize_valid_healthy.JPG,6.1938062572153285e-06
658maize_train_healthy.JPG,6.0925276557100005e-06
86maize_train_healthy.JPG,5.8856053328781854e-06
70maize_valid_healthy.JPG,5.705454441340407e-06
330maize_train_healthy.JPG,5.5133068599388935e-06
394maize_train_healthy.JPG,5.457155111798784e-06
599maize_train_healthy.JPG,5.2655818763014395e-06
747maize_train_healthy.JPG,5.091759703645948e-06
531maize_train_healthy.JPG,5.035052708990406e-06
468maize_train_healthy.JPG,4.937207449984271e-06
146maize_valid_healthy.JPG,4.937207449984271e-06
177maize_train_healthy.JPG,4.859777163801482e-06
49maize_valid_healthy.JPG,4.859777163801482e-06
668maize_train_healthy.JPG,4.819228252017638e-06
174maize_valid_healthy.JPG,4.707616426458117e-06
42maize_valid_healthy.JPG,4.263220944267232e-06
156maize_train_healthy.JPG,4.263220944267232e-06
199maize_valid_healthy.JPG,4.074587650393369e-06
686maize_train_healthy.JPG,4.0233644540421665e-06
201maize_valid_healthy.JPG,4.010031716461526e-06
331maize_train_healthy.JPG,3.830886726063909e-06
252maize_train_healthy.JPG,3.4764077554427786e-06
68maize_valid_healthy.JPG,3.4764077554427786e-06
48maize_train_healthy.JPG,3.18053889714065e-06
129maize_train_healthy.JPG,3.1206577659759205e-06
35maize_valid_healthy.JPG,3.1206577659759205e-06
438maize_train_healthy.JPG,3.044570348720299e-06
426maize_train_healthy.JPG,2.9900802474003285e-06
130maize_train_healthy.JPG,2.658364110175171e-06
612maize_train_healthy.JPG,1.4532868135574972e-06
624maize_train_healthy.JPG,1.404042222930002e-06
492maize_train_healthy.JPG,1.258048314412008e-06
280maize_train_healthy.JPG,1.152866843767697e-06
260maize_train_healthy.JPG,1.1251033811277011e-06
761maize_train_healthy.JPG,1.1241365882597165e-06
392maize_train_healthy.JPG,1.1234426438022638e-06
659maize_train_healthy.JPG,1.0626797575241653e-06
188maize_valid_healthy.JPG,7.203032623692707e-07
620maize_train_healthy.JPG,7.203032623692707e-07
104maize_valid_healthy.JPG,6.409363777493127e-07
476maize_train_healthy.JPG,5.988184170746536e-07
148maize_valid_healthy.JPG,5.988184170746536e-07
400maize_train_healthy.JPG,5.275400098980754e-07
124maize_valid_healthy.JPG,5.275400098980754e-07
220maize_train_healthy.JPG,5.217226544118603e-07
60maize_valid_healthy.JPG,5.217226544118603e-07
105maize_valid_healthy.JPG,4.5928575787002046e-07
344maize_train_healthy.JPG,3.922125983990554e-07
96maize_valid_healthy.JPG,3.922125983990554e-07
188maize_train_healthy.JPG,3.8972174820628425e-07
160maize_train_healthy.JPG,3.7499489735637326e-07
388maize_train_healthy.JPG,3.547988285390602e-07
118maize_valid_healthy.JPG,3.547988285390602e-07
396maize_train_healthy.JPG,3.5357166439098364e-07
268maize_train_healthy.JPG,2.9456253969328827e-07
154maize_valid_healthy.JPG,2.4374213580813375e-07
496maize_train_healthy.JPG,2.4374213580813375e-07
588maize_train_healthy.JPG,1.9172789222920983e-07
102maize_valid_healthy.JPG,1.4880718879339838e-07
356maize_train_healthy.JPG,1.4880718879339838e-07
632maize_train_healthy.JPG,1.4574987972082454e-07
480maize_train_healthy.JPG,1.1283347589596815e-07
136maize_train_healthy.JPG,1.0771320546609786e-07
504maize_train_healthy.JPG,1.0744746958835094e-07
156maize_valid_healthy.JPG,1.0744746958835094e-07
648maize_train_healthy.JPG,9.640930898058286e-08
172maize_train_healthy.JPG,9.203066042573482e-08
544maize_train_healthy.JPG,8.413687169195327e-08
264maize_train_healthy.JPG,8.206711754610296e-08
72maize_train_healthy.JPG,7.645954269719368e-08
176maize_train_healthy.JPG,6.760497228697204e-08
48maize_valid_healthy.JPG,6.760497228697204e-08
56maize_train_healthy.JPG,6.207702085703204e-08
500maize_train_healthy.JPG,5.784314538459512e-08
26maize_valid_healthy.JPG,5.7250758800364565e-08
96maize_train_healthy.JPG,5.7250758800364565e-08
536maize_train_healthy.JPG,5.561147986554715e-08
600maize_train_healthy.JPG,5.092950772223048e-08
182maize_valid_healthy.JPG,5.092950772223048e-08
80maize_train_healthy.JPG,4.9939121282704946e-08
12maize_train_healthy.JPG,4.9737810314809394e-08
592maize_train_healthy.JPG,4.702726741356855e-08
180maize_valid_healthy.JPG,4.702726741356855e-08
64maize_train_healthy.JPG,4.696617850186158e-08
44maize_valid_healthy.JPG,4.0365328857205895e-08
164maize_train_healthy.JPG,4.0365328857205895e-08
18maize_valid_healthy.JPG,4.018324872845369e-08
68maize_train_healthy.JPG,4.018324872845369e-08
448maize_train_healthy.JPG,3.9283612807139434e-08
20maize_valid_healthy.JPG,3.5243935769813106e-08
76maize_train_healthy.JPG,3.5243935769813106e-08
552maize_train_healthy.JPG,3.420619165694916e-08
572maize_train_healthy.JPG,3.2872456756649626e-08
584maize_train_healthy.JPG,3.020658567720602e-08
178maize_valid_healthy.JPG,3.020658567720602e-08
256maize_train_healthy.JPG,2.9501803666676096e-08
464maize_train_healthy.JPG,2.8948232255743278e-08
312maize_train_healthy.JPG,2.7733438656696308e-08
80maize_valid_healthy.JPG,2.7733438656696308e-08
428maize_train_healthy.JPG,2.606467397470169e-08
308maize_train_healthy.JPG,2.2916440300946306e-08
144maize_train_healthy.JPG,2.269882060090822e-08
24maize_valid_healthy.JPG,2.170489032948808e-08
88maize_train_healthy.JPG,2.170489032948808e-08
28maize_train_healthy.JPG,1.9927279382159213e-08
32maize_valid_healthy.JPG,1.679393690778852e-08
120maize_train_healthy.JPG,1.679393690778852e-08
144maize_valid_healthy.JPG,1.640247049294885e-08
460maize_train_healthy.JPG,1.640247049294885e-08
368maize_train_healthy.JPG,1.542932892562021e-08
38maize_valid_healthy.JPG,1.536195171070176e-08
140maize_train_healthy.JPG,1.536195171070176e-08
196maize_train_healthy.JPG,1.4756935229343071e-08
372maize_train_healthy.JPG,1.3822104349969777e-08
110maize_valid_healthy.JPG,1.3822104349969777e-08
352maize_train_healthy.JPG,1.3421193045815016e-08
100maize_valid_healthy.JPG,1.3421193045815016e-08
412maize_train_healthy.JPG,1.2808740734726598e-08
106maize_valid_healthy.JPG,1.2137416405266777e-08
364maize_train_healthy.JPG,1.2137416405266777e-08
380maize_train_healthy.JPG,1.1391193766030483e-08
114maize_valid_healthy.JPG,1.1391193766030483e-08
608maize_train_healthy.JPG,1.1373069597198082e-08
184maize_valid_healthy.JPG,1.1373069597198082e-08
384maize_train_healthy.JPG,1.0773018921383937e-08
296maize_train_healthy.JPG,1.0749288570366389e-08
72maize_valid_healthy.JPG,1.0749288570366389e-08
0maize_train_healthy.JPG,1.0519847215562095e-08
0maize_valid_healthy.JPG,1.0519847215562095e-08
456maize_train_healthy.JPG,1.0412322559716358e-08
100maize_train_healthy.JPG,1.0192883870274727e-08
300maize_train_healthy.JPG,9.519631305465737e-09
116maize_train_healthy.JPG,9.224796038154182e-09
194maize_valid_healthy.JPG,9.211214901938547e-09
644maize_train_healthy.JPG,9.211214901938547e-09
232maize_train_healthy.JPG,8.64016413970603e-09
540maize_train_healthy.JPG,8.072329471531248e-09
166maize_valid_healthy.JPG,8.072329471531248e-09
616maize_train_healthy.JPG,7.771420840185783e-09
186maize_valid_healthy.JPG,7.771420840185783e-09
580maize_train_healthy.JPG,7.193294848661935e-09
556maize_train_healthy.JPG,7.071789820400909e-09
170maize_valid_healthy.JPG,7.071789820400909e-09
248maize_train_healthy.JPG,7.043509331339237e-09
168maize_train_healthy.JPG,7.006665470044027e-09
50maize_valid_healthy.JPG,6.021914966680697e-09
184maize_train_healthy.JPG,6.021914966680697e-09
604maize_train_healthy.JPG,5.746253695093628e-09
136maize_valid_healthy.JPG,4.790921437347606e-09
432maize_train_healthy.JPG,4.790921437347606e-09
532maize_train_healthy.JPG,4.759947547228194e-09
164maize_valid_healthy.JPG,4.759947547228194e-09
128maize_train_healthy.JPG,4.621484528399833e-09
34maize_valid_healthy.JPG,4.621484528399833e-09
520maize_train_healthy.JPG,4.380955154204003e-09
160maize_valid_healthy.JPG,4.380955154204003e-09
4maize_valid_healthy.JPG,4.284958166067554e-09
16maize_train_healthy.JPG,4.284958166067554e-09
452maize_train_healthy.JPG,4.1025494113000605e-09
142maize_valid_healthy.JPG,4.1025494113000605e-09
30maize_valid_healthy.JPG,3.957563166068212e-09
112maize_train_healthy.JPG,3.957563166068212e-09
16maize_valid_healthy.JPG,3.843706686268433e-09
60maize_train_healthy.JPG,3.843706686268433e-09
134maize_valid_healthy.JPG,3.5478966431412573e-09
424maize_train_healthy.JPG,3.5478966431412573e-09
180maize_train_healthy.JPG,3.1159803626223948e-09
4maize_train_healthy.JPG,3.1044358195231325e-09
640maize_train_healthy.JPG,3.037544660244862e-09
216maize_train_healthy.JPG,2.7821203119060556e-09
58maize_valid_healthy.JPG,2.7821203119060556e-09
528maize_train_healthy.JPG,2.7719586626062664e-09
162maize_valid_healthy.JPG,2.7719586626062664e-09
240maize_train_healthy.JPG,2.671172172341585e-09
132maize_valid_healthy.JPG,2.5026838379460514e-09
416maize_train_healthy.JPG,2.5026838379460514e-09
472maize_train_healthy.JPG,2.393003128986493e-09
336maize_train_healthy.JPG,2.286143052643297e-09
92maize_valid_healthy.JPG,2.286143052643297e-09
660maize_train_healthy.JPG,2.0770707376271957e-09
192maize_train_healthy.JPG,1.9227155423351405e-09
52maize_valid_healthy.JPG,1.9227155423351405e-09
228maize_train_healthy.JPG,1.7485012326901028e-09
62maize_valid_healthy.JPG,1.7485012326901028e-09
128maize_valid_healthy.JPG,1.5504009187594647e-09
408maize_train_healthy.JPG,1.5504009187594647e-09
564maize_train_healthy.JPG,1.4387668834103806e-09
172maize_valid_healthy.JPG,1.4387668834103806e-09
24maize_train_healthy.JPG,1.3707763812931262e-09
6maize_valid_healthy.JPG,1.3707763812931262e-09
66maize_valid_healthy.JPG,1.2927574566390376e-09
244maize_train_healthy.JPG,1.2927574566390376e-09
340maize_train_healthy.JPG,1.2199379284538736e-09
404maize_train_healthy.JPG,1.1292786705752178e-09
376maize_train_healthy.JPG,1.1036914715489843e-09
108maize_train_healthy.JPG,1.0541301165289951e-09
560maize_train_healthy.JPG,1.0120155824466792e-09
324maize_train_healthy.JPG,9.10493458405881e-10
236maize_train_healthy.JPG,8.220388258983746e-10
64maize_valid_healthy.JPG,8.220388258983746e-10
28maize_valid_healthy.JPG,6.724295009696846e-10
104maize_train_healthy.JPG,6.724295009696846e-10
320maize_train_healthy.JPG,6.717962297564384e-10
84maize_valid_healthy.JPG,6.717962297564384e-10
36maize_train_healthy.JPG,6.374633043648714e-10
288maize_train_healthy.JPG,6.136317010074777e-10
656maize_train_healthy.JPG,5.628837396187691e-10
20maize_train_healthy.JPG,4.988877089218136e-10
360maize_train_healthy.JPG,3.8802128177195527e-10
224maize_train_healthy.JPG,3.7197317448445233e-10
328maize_train_healthy.JPG,3.69835412294961e-10
88maize_valid_healthy.JPG,3.69835412294961e-10
124maize_train_healthy.JPG,3.646733748308151e-10
576maize_train_healthy.JPG,3.5125047315176516e-10
176maize_valid_healthy.JPG,3.5125047315176516e-10
40maize_train_healthy.JPG,3.0475705292687394e-10
10maize_valid_healthy.JPG,3.0475705292687394e-10
132maize_train_healthy.JPG,2.57648957724399e-10
36maize_valid_healthy.JPG,2.57648957724399e-10
84maize_train_healthy.JPG,2.331626558493838e-10
332maize_train_healthy.JPG,2.0634012554143766e-10
272maize_train_healthy.JPG,1.6092523147381854e-10
316maize_train_healthy.JPG,1.5910066319957394e-10
44maize_train_healthy.JPG,1.5491460891858821e-10
12maize_valid_healthy.JPG,1.5491460891858821e-10
484maize_train_healthy.JPG,1.3072443127981614e-10
436maize_train_healthy.JPG,1.2596183818214257e-10
628maize_train_healthy.JPG,1.0675783868041577e-10
190maize_valid_healthy.JPG,1.0675783868041577e-10
420maize_train_healthy.JPG,1.0414591411489482e-10
148maize_train_healthy.JPG,1.0178118764470057e-10
40maize_valid_healthy.JPG,1.0178118764470057e-10
548maize_train_healthy.JPG,3.611705726158654e-11
168maize_valid_healthy.JPG,3.611705726158654e-11
276maize_train_healthy.JPG,3.367880280213953e-11
152maize_train_healthy.JPG,1.9061321965274658e-11
76maize_valid_healthy.JPG,1.5084041654622737e-11
304maize_train_healthy.JPG,1.5084041654622737e-11
652maize_train_healthy.JPG,1.3612735938473008e-11
196maize_valid_healthy.JPG,1.3612735938473008e-11
292maize_train_healthy.JPG,8.998209295729698e-12
596maize_train_healthy.JPG,8.82882742608837e-12
